"","X1","X2","X3","X4","X5","X6","X7","X8","X9","X10","X11","X12","X13","X14","X15","X16","X17","X18","X19","X20","X21","X22","X23","X24","X25","X26","X27","X28","X29","X30","X31","X32","X33","X34","X35","X36","X37","X38","X39","X40","X41","X42","X43","X44","X45","X46","X47","X48","X49","X50","X51","X52","X53","X54","X55","X56","X57","X58","X59","X60","X61","X62","X63","X64","X65","X66","X67","X68","X69","X70","X71","X72","X73","X74","X75","X76"
"1",131.85,88,50.3,54.1,77.75,87.35,73.8,68.35,71.8,95.55,127.3,153.45,156.35,277.7,917.9,2728.25,4834.4,4825.35,2779.4,1041.45,354.9,165.45,143.25,145.75,133.35,111.2,103.4,107.4,109.5,109.85,113.35,116.7,114.6,121.45,124.7,146.45,210.9,296.95,322.1,264.45,180.4,149.55,148.85,149.6,139.4,131,124.7,127.7,127.3,128.05,139.3,174.7,288.75,501.2,710.6,654.55,434.75,239.75,168.45,175.45,274.8,517.45,951.4,1324.1,1252.3,778.75,372.5,183.95,141.2,174.9,232.2,266.55,231.95,177.95,126.75,101.6
"2",130.2,90.6,49.15,49,76.2,87.55,75.3,65.2,68.9,93.6,127.45,149.2,161.25,280.1,906.45,2687.75,4781.75,4711.65,2746.05,1040,351.35,171.7,150.3,143.8,133.25,114.8,107.65,104.5,108.9,112.05,112.3,116.5,119.3,118.95,125.25,146.95,212.95,300.6,328.25,264.6,186.55,152.4,147.65,140.45,136.4,130.45,126.15,125.95,128.4,128.05,138.1,175.1,301.7,547.85,766,712.7,470.35,251.15,171.6,180.25,272.75,529.8,945.6,1292.8,1217.55,780.4,361.05,176.05,140.55,171.55,225.15,253.8,235.4,168.2,123.95,106.4
"3",135.7,91.65,55,59.35,82.85,106.45,88.55,67.4,78.95,99.2,127.9,150.45,158.55,264.05,853.55,2518,4448.95,4400.35,2557.25,989.15,343.4,172.95,151.15,152.65,140.45,121.6,107.95,110.4,110.05,113.1,119.4,119.55,115.8,119.65,124.55,149.3,209.85,287.55,314.1,264.6,185.45,147.6,149.5,141.8,137.3,128.3,130,128.3,133.45,136.5,138.6,167.1,275.25,484.2,673.6,644.3,416.9,240.35,165.45,186.35,295.9,607.3,1160.65,1625.95,1554.2,976.25,453.45,194.8,151.85,187.45,270.45,310,271.15,191.6,131.2,108.6
"4",138.125,94,52,51.625,78.5,94.1875,81.0625,69.8125,71.875,98.5,139.1875,145.0625,159.8125,262.9375,866.9375,2538.9,4507.025,4472.1,2604.025,1005.2125,351.6875,180.8125,161.5,164.8125,149.5625,123.3125,114.25,112.25,110.125,116.9375,117.9375,116.0625,116.125,113.75,126.625,150.125,216.4375,311.1875,336.5,272.6875,192.4375,154.0625,157.25,143.8125,137.25,133.8125,130.375,130.5,131.125,133.5625,138.875,177.5625,284.6875,481.9375,695.6875,633.75,426,243.75,169.0625,177.75,296.5,611.3125,1146.7125,1589.725,1513.025,953.0125,436.4375,204.4375,148.3125,187.5,262.0625,295.5625,270.125,188,133.375,107
"5",138.25,92.9,49.45,55.4,81.05,94.7,78.85,69.3,70.2,87.15,119,136.65,159.55,274.4,944.35,2800.4,4970.6,4931.2,2869.05,1091.7,364.4,172.65,141.45,127.85,121.4,109.45,103.9,107.75,107.35,107.15,121,111.6,111.05,117.2,124.15,144.4,208,301.6,333.6,267.35,188.15,148.65,141.15,142.7,130.95,126.4,121.35,129.35,126.75,129.55,137.1,160.4,251.6,419.4,581.65,558.4,371.35,215.15,155.1,166.45,258.5,503.95,957.4,1326.2,1256.85,806.85,380.75,182.7,139.2,166.5,234.75,265.35,237.1,174.9,127.05,110.6
"6",128.8,87.7,47.65,49.5,68.05,78.25,70.55,63.9,78.7,120.55,163.15,184.9,180.85,289.7,950.5,2784.9,4942.9,4922.05,2845.05,1082.8,354,166.2,129.65,130.8,122.1,113.9,105.55,105.5,109.75,109.45,111.9,114.6,114.6,114.95,125.3,145.25,204.55,279.25,316.55,256.9,179.95,148.3,145.55,139.45,129.3,126.35,124.15,122.95,125.95,132.4,131.4,166.85,283.6,509.45,710.95,681.6,448.05,244.15,162.9,165,243,420.7,722.5,963.2,915.15,596.05,286.4,158.95,132.45,145.9,188.25,220.1,195.5,149.45,115.8,106
"7",123.85,87.45,50.1,58.8,83.5,99.45,86.1,71.1,73.5,104.1,138,157.05,168,267.25,895.7,2620.7,4606.6,4550.85,2631.4,1017.3,351.4,180.9,159.1,153.45,140.7,121.8,114.8,110.85,116.45,115.45,117.85,121.85,121.9,123.1,124.35,153.75,212.65,296.75,327.1,268.5,189.95,153.9,151.5,147.55,139.05,135.1,135,133.5,133.05,134.5,140.6,165.85,266.7,468.2,624.1,592,402.25,235.75,173,193.15,317.3,683.8,1346.75,1934.55,1802.6,1127.65,495.7,215,160.9,203,296.25,348.45,310.45,211.45,136.4,110.2
"8",152.55,101.35,55.75,51.4,74.1,85.65,75.9,64.2,72.55,97.05,123.35,146.8,164.7,280.25,953.45,2862.5,5066.45,5063.1,2920,1108.5,356.9,155,112.15,103.55,98.5,96.9,98.95,101.15,109.6,123.5,129.55,125.75,119.8,114.25,119.55,134.85,182.1,243.85,264.8,216.8,160.8,138.1,135.3,130.75,123.25,124.25,122,122.45,120.95,125.25,132.8,156.85,242.7,403.35,552.9,530.8,353.5,208.25,150.45,164.4,228.15,398.4,712.55,997.05,933.2,612.2,299.25,157.05,129.65,151.35,192,216.65,204.25,152.7,121.1,98.6
"9",120.0425,80.75,48.8335,53.3335,73.91675,87.9165,78.125,64.5,66.6665,84.2915,116.875,134.165,152,279.165,934.6675,2735.075,4701.95,4720.075,2742.025,1062.65,355.17,171.0825,135.3725,135.835,119.8725,107.585,105.29175,104.4175,106.625,108.54,112.8325,111.7925,116,120.585,122.04,145.415,208.8775,288.585,320.3325,260.3725,187.79,148.875,147.7475,138.54,130.8775,127.625,125.46,122.375,128.4975,125.6225,134.0425,159.21,252.8775,427.54,570.54,542.0825,364.46,217.75,161.0825,170.9175,279.955,558.96,1044.35,1451.15,1381.025,860.875,405.625,187.4175,145.1225,183.2925,241.125,285.835,256.625,177.6675,127.08,105.67
"10",142.1,94.45,53.85,48.85,62.2,76.15,67.85,63.2,74.2,106.1,141.8,159.7,163.9,273.45,887.35,2550.9,4437.35,4462.1,2584.4,1006.3,341.85,165.9,137.45,140.8,132.65,107.9,102.4,103,111.15,112.75,116.7,118.3,116.1,119.6,123.95,149.75,223.35,313.1,337.5,279.8,191.35,152.15,148.5,145.25,135.15,126.45,121.7,125.95,123.95,128.2,138.4,174.9,301.35,548.5,765.25,728.5,477.35,247.2,168.9,178.85,255.1,454.55,775.95,1035.65,941.95,623.05,304.2,156.8,134.25,157.95,194.95,218.4,201.9,153.65,123.4,98.8
"11",120.35,81.45,46.85,50.7,71.7,81.3,71.9,64.2,66.55,90.75,119.85,141.05,156.2,283.75,947.05,2768.75,4806.2,4765.4,2781.25,1077.85,356.35,160.1,128.05,123.45,117.4,108.35,102.4,101.9,106.15,109.7,110.2,113.6,115.15,120,119.2,142.4,208.2,281.55,304.6,247.05,182.9,147.35,141.95,137.2,130.95,126.7,127.45,122.55,122.6,125.2,135.15,147.65,224.4,360.7,467.85,442.55,315.85,203.35,154,167.4,255.2,490.35,938.7,1287.3,1230.5,776.7,374.35,177.7,143,167,233.25,260.45,231.15,171.2,123,111.2
"12",118.9,80.55,45.65,46.55,70.7,83.7,73.4,65.7,70.3,92.05,120.55,139.5,152.35,283.2,942.65,2747.05,4827.6,4789.7,2798.6,1061.2,353.55,162.15,130.25,117.75,114,107.25,104.2,99.05,104.8,110,110.85,112.7,109,116.5,124.45,147.55,200.3,287.25,308.85,248.1,179.3,145.65,142.4,134.45,131.4,122.8,124.45,121.25,126.8,127.25,133.2,150.45,227.3,357.7,469,449.4,321.85,198.3,150.1,169.4,240.45,499,945.55,1312.45,1224.55,782.15,362.25,178.25,137.15,167.25,232.6,260.3,233.3,173.3,123.3,105
"13",124.1,84.95,48.8,53.45,74.75,89.25,75.6,65.65,68,83.9,112.4,133.25,158.3,279.65,935.45,2731.3,4773.3,4744.15,2761.9,1065.15,361,166.45,136.1,129.35,124.2,106.4,102.75,104.85,106.05,105.6,113.1,110.7,116.15,116.05,121.65,148.25,214.5,298.95,337.3,266.15,182.25,150.3,139.15,139.5,137.3,125.35,126.95,125.45,125.35,126.95,135.9,159.55,248.6,438.5,581.05,559,375.85,218.35,164.3,172.9,270.95,522.1,963.15,1325.9,1263.95,785,373.5,174.8,140,170.3,231.15,264.6,233.9,171.6,127,109.6
"14",117.55,83.05,51.45,52.15,71.05,86.7,77.95,60.2,71.4,83.25,112.7,133.75,158.1,274.65,926.8,2708.65,4702.55,4663.9,2710.55,1042.45,348.6,171.1,134.8,132.85,126.3,110.25,102.45,106.5,108.5,110.6,110.9,115.6,116.9,115.7,119.25,144.55,210.45,300.05,320.05,256.5,180.05,147.6,141.15,137.5,130.85,131.85,127.8,126.65,125.65,128.9,131.35,161.45,253.8,431.45,577.45,538.1,376.35,214.95,160.2,175.95,281.3,559.45,1062.8,1463.45,1387.6,868.9,409.65,188.65,144.25,178.85,245.45,287.95,251,184.35,127.9,106
"15",139.25,92.5,50.45,45.45,61.25,70.75,67.55,61.9,69.55,101.8,141.55,156.75,166.65,260,853.7,2504.2,4344.5,4334.15,2537.5,973.75,334.8,158.05,138.45,136,123.95,108.2,105.25,101.85,105.85,106.85,110.45,110.05,115.15,116.9,118.4,147.65,218.85,306.1,349.45,278.05,190.1,153.9,141.6,146.7,132.9,121.95,122.55,128.3,122.85,130,135.8,176.6,306.75,548,764.85,717.85,459.25,253.75,159.7,176,252.55,452.75,760.7,1027.2,939.8,602.1,304,158.25,132.3,149.45,195.55,223,197.7,153.9,118.5,110.6
"16",126.05,82.2,48.9,48.9,72.1,89.55,72.25,60.7,63.95,82,109,131,147.85,268.9,918.7,2664.35,4663.7,4667.7,2729.45,1041.55,356.3,167.15,137.65,131.7,118.15,102.35,102.95,103,100.35,109.3,111.95,108.1,112.25,112.9,118.2,143.1,208.9,293.6,328.45,257.35,179.45,151.8,141.95,135.8,131.9,122.5,119.9,120.1,125.2,123.9,133.05,156.95,250,423,583.7,547.85,370.3,213,158.5,173.6,259.25,520.55,961.65,1315.45,1255.15,796.35,367.85,180.4,140.15,171.4,238.2,260.1,241.45,177.4,127.15,101.4
"17",114.1,78.8,47.8,49.35,74,81.8,73.2,61.4,65.6,86.25,109,125.1,144.1,272.6,911.7,2627.05,4580.8,4555.9,2641.85,1020.45,349.85,162.05,132,133.95,117.7,104.7,101.15,99.7,101.95,106.4,113.6,110.95,111.1,110.5,118.65,140.05,190.5,261.35,292.65,239,175.85,145.2,137.75,141.45,132.1,124.05,125.1,123.45,121.95,124.7,130.15,161.1,252.2,422.8,561.75,537.05,367.3,215.6,158.15,178.55,276.8,551.7,1059.85,1453.1,1375.8,856.9,406.3,186.8,146.7,177.9,235.45,290.2,250.1,179,123.5,109.4
"18",116.61,79.917,51,48.4165,74.75,86.75,71.11125,62.19425,65.3335,81.47225,107.084,123.8875,144.4725,262.525,894.495,2621.4,4581.725,4554.05,2656.05,1011.44,341.75,160.805,127.8075,125.225,117.695,102.471,99.63825,99.13825,102.166,103.4165,109.835,109.2775,111.1125,113,116.1125,142.695,213.0575,299.5825,327.7225,264.695,181.6675,148.64,140.7775,137.6125,131.2225,121.8325,120.7225,122.25,125.9975,123.8625,132.4175,155.14,252.11,429.055,566.3075,540.055,362.64,213.555,157.61,169.22,263.4175,513.665,964.8825,1347.125,1256.925,789.7775,375.6375,177.5275,140.3075,171.2525,229.415,261.695,238.975,172.11,121.36,107.78
"19",61.05,46.55,38.55,47.4,65.15,76.5,70.65,64.1,72.35,90.6,116.45,143.75,174.55,298.55,937.15,2669.1,4578.05,4551.25,2665.2,1034.7,337.35,152.15,97,95.1,97.8,97.9,93.95,98.85,102.75,109.45,118.85,115.65,115.45,118.75,116.95,126.55,153.6,187.7,200.35,183.85,147.25,134.6,135,142.2,133.7,136.1,133.5,138.05,142.5,150.8,182.4,318,799.4,1691.85,2459.6,2276.6,1387.5,585.65,274.45,273.65,397.35,548.55,674.5,726.3,622.1,401.25,214.3,130.55,116.25,126.55,149.25,168.85,157.95,125.9,105.7,105.4
"20",62.2,49.65,40.1,44.7,65.75,76.55,68.4,61.75,70.15,91.5,127.75,150,176.25,283.6,836.85,2361.2,4043.35,4028.35,2352.8,922.45,324.85,149.2,116.25,109.95,110.65,110,113.8,117.85,141.35,179.65,248.6,296.4,309.05,269.15,231.6,182.9,170.5,194.75,198.35,181.8,156.95,139.35,143.3,145.3,152.85,146.15,147.75,153.9,156.4,166.2,193.45,353.7,858.6,1817,2644.8,2444.7,1488,638.45,298.45,291.85,440.45,628.1,796.6,876.25,754.15,483.4,253.9,147.65,130.3,145.7,174.95,193.6,176.75,143.05,119.5,103.6
"21",50.75,40.9,35.6,37.65,50.55,62.1,61,56.65,67.45,91.5,120.7,148.05,176.15,292.3,913.8,2568,4429.2,4416,2591.2,994.55,326.4,149.5,109.85,102.95,100.55,95.45,95.45,99.35,104.15,117.95,128.65,135.2,133.6,130.5,125,127.7,153.8,194.7,206.85,179.15,150.35,131.65,136.55,136.05,140.8,137.6,133.6,142.45,143.05,148.85,179.75,335,859.7,1835.75,2637.15,2467.75,1474.8,622.4,290.05,284.25,412.25,554.35,639.3,652.55,539.3,349.3,193,125.9,114.4,120.55,142.4,155.45,143.3,121.4,102.05,94.8
"22",68.45,50.4,39.9,43.35,64.1,72.25,70.35,63.95,73.95,90.85,117.45,136.3,166.75,280.55,882.35,2483.45,4338.4,4312.7,2522.35,991.7,339.15,152.05,115,108.6,110.25,109.5,115.35,119.1,142.7,196.2,290.55,360.15,380,336,275.65,209.9,199.4,216.8,231.55,206.4,165.4,146.5,141.05,144.6,144.85,140.6,136.5,144.1,152.45,155.15,175.9,283.6,635.6,1318.45,1877.55,1758.1,1088.05,483.85,246.5,247.75,358.55,529.3,712.25,835.5,730.2,470.1,251.5,151.15,128.1,140,171.05,196.05,171,140.5,116.45,111.2
"23",54.25,46.3,35.1,45.3,61.45,67.25,63.4,67.05,70.85,89.6,112.35,141.75,165.9,281.9,908.3,2556.1,4411.9,4378.9,2557.65,997.15,345.7,153.95,111.2,108.65,107.95,111.9,114.35,119,137.05,192.3,288.75,362.9,375.3,348.2,274.55,208.1,181.35,196.2,205.95,182.25,155.85,144.95,140.65,136.35,139.95,137.35,139.65,147.05,151.6,154.05,175.9,284.15,652.8,1372.95,1971.5,1842.2,1108.7,496.35,250.65,250.45,374.6,510.9,700.25,810.2,703.1,459.25,244.25,146.65,127.7,141.1,173.7,179.95,173.65,142.4,121.4,112
"24",45.3,37.25,34.65,41.85,47.5,62.15,60.35,57.75,68.75,95.45,120.85,151.8,177.75,296.4,904.3,2588.6,4456.85,4481.35,2606.45,991.25,332.7,150.25,111.9,104.55,105.9,106,102.75,103.1,118.9,130.3,162.2,184.8,191.55,173.3,161.1,151.85,158.05,198.65,201.2,184.6,154.6,142.45,148.2,143.05,139.8,133.4,142.25,141.1,143.35,153.8,195.2,362.95,897.55,1931.9,2825.7,2605,1565.45,656.2,302.55,298.25,423.85,568.55,654.6,642.45,529.6,338.8,196.35,124.45,114.75,122.85,139.85,154,148.75,123.15,107.95,105
"25",67.2,50.5,40.7,44.1,62.95,72.65,70.5,60.1,64.65,87.95,117.05,146.1,166.2,270.75,847.2,2412.5,4137.1,4153.4,2391.8,922.25,305.25,136.55,102.65,101.5,96.3,93.3,91.9,98.7,104.65,114.1,120,122.9,120.1,124.7,116.5,128.5,162.45,210.35,222.6,193.35,156.1,137.35,138.55,143.65,140.75,131.85,133.35,134.05,138.4,143.65,181.3,306.8,780.15,1674.35,2390.7,2233.35,1348.45,581.45,266.7,272.95,402.75,535.25,674.6,713.7,605.6,392.75,205.1,136.05,121.65,130.6,149.15,167.1,150.6,130,106.75,95.6
"26",61.9,50.8,41.8,51.95,72.8,89.55,74.45,74.65,76.05,99.4,131.1,160.7,188.95,323.2,1005.85,2934.95,5090.55,4981.95,2881.5,1075.75,365.45,163.6,115.85,113.4,109.65,109.2,112.4,114.8,129.85,146.15,179.7,196.8,199.75,187.65,172.05,164.15,177,214,224.95,194.6,162.45,153.05,153.45,146.7,145.5,147.35,147.6,151.05,155.6,169.85,194.6,350.65,884,1878.15,2669.85,2424.8,1421.45,603.9,287.65,298.7,446.6,628.65,791,875.8,745.6,462.1,235.1,143.1,125.4,140.35,177.55,194.35,176.5,138.45,112.5,101.8
"27",74.85,56.55,46.2,52.6,76,91.6,80.5,72.95,78.45,99.95,134.75,161.85,189.75,307.4,976.9,2788.75,4853.45,4768.75,2708.35,1027.25,348.6,161.35,118.85,107.55,110.55,108.2,115.4,116.3,126.5,158.55,203.35,223.65,233.15,208.15,186.05,172.7,178.95,217.7,228.75,196.9,161.55,152.55,144.6,149.05,149.8,146.1,144.25,148.75,153,163.5,198.4,329.05,811.85,1714.45,2466.1,2219.75,1300.8,557.4,270,292.9,424.35,621.7,818.05,911.4,782.3,498.65,244.2,143.7,129.75,146.05,179.95,200.45,173,140.1,116.65,101.2
"28",69.25,50.58325,42.5,55.66675,76.1665,89.20825,81.8335,71.45825,77.5835,101.959,130.7075,158.7475,188.0025,316.0825,967.1575,2744.125,4775.6,4616.725,2672.7,1031.14,355.585,164.7075,121.2925,120.04,118.1275,116.96,120,128.125,144.7925,180.29,242.5,291,290.0425,269.21,227.875,192.5825,192.415,225.96,237.83,208.875,173.75,159.0825,153.5,156.29,158.415,154.1675,154.875,156.4575,161.795,173.4575,210.165,379.29,953.015,2023.525,2886.925,2607.175,1512.375,641.625,298.2925,317.2075,472.415,652.96,799.375,846,707.2075,432.5825,232.2925,143.2925,129.2925,145.5,176.045,185.0825,169.625,142,113.0425,112
"29",65.65,53.8,42.65,48.85,71.6,82.4,74.7,69.95,82.15,100.2,134.25,158,193.7,319.65,1010.9,2930.65,5134.8,5003.15,2875.45,1073.65,345.95,157.85,115.15,102.9,104.15,106.85,107.85,106.7,114.3,123.05,132.8,133.45,128.2,123.8,130.55,140.6,165.25,206.15,217.5,181.7,157.2,149.4,143.7,147.6,145.8,144.6,144.5,146.3,146.6,157.05,191.5,341.35,885.05,1840.6,2641.05,2382,1384.85,584,281.7,292.35,434.4,597.25,727.75,769.95,651.6,406.2,214.85,132.05,117.6,133.8,159.45,180.55,164.6,137,112.65,104.8
"30",71.1,56.55,43.75,54.6,78.2,84.7,78.85,74.75,80.55,108.15,142.3,161.1,202.3,315,958.55,2716.3,4685.05,4575.6,2632.65,1030.9,357.65,174.95,135.05,134.35,129.5,139.15,141.35,147.65,180.3,250.9,380.9,497.6,492.35,444.1,355.75,263.9,223.85,244,250.75,228.1,184.95,167.65,166.8,165.4,161.75,161.95,162.7,164.1,172.6,176.85,210.4,359,847,1790.8,2577.4,2278.8,1359.3,583.25,293.55,311.9,474.7,674.1,910,1025,882.05,541.6,273.75,165,148.8,174.45,196.55,220.75,199.05,157.4,129.45,128.4
"31",73.15,55.15,42.9,52.6,70.7,85.5,75.3,70.1,80.95,105.9,138,160.2,192.75,317.9,994.2,2875.1,4949.6,4845.45,2778.25,1064.15,363.1,169.95,125.55,121.15,117.45,114.6,120.65,126,136.95,170.75,243.3,287.85,291.8,262.35,231.85,193.15,190.75,238.7,250.4,216.8,174,152.95,149.3,154.4,154.25,153.75,161.35,159.8,163.85,164.85,198.75,353.65,860.05,1808.6,2569.55,2324.25,1385.3,594.65,291.65,306.9,437.85,627.3,826.85,928.45,786.3,486.05,255.4,151.75,132.15,152.4,183.95,202.3,187.85,150.25,117.15,104
"32",64.4,51.8,42.7,52.5,78.5,86.9,78.7,72.95,80.5,105.7,133.4,165.15,191.25,326.75,1022.4,2956.6,5144.35,5018.55,2882.3,1094.35,362.7,159,121.2,112.8,112.45,113.85,114.8,115.55,126.55,148.2,177.6,200.8,203.6,187.7,170.6,164,178.8,218.95,231.45,195.1,165.3,152.75,147.9,153.45,151.15,152.75,151.35,152.95,157.3,162.65,200.7,357.5,886.8,1887.6,2688.85,2455.85,1427.6,591.35,289.85,305.65,446.75,636.65,796.95,882.55,755.4,466.2,248.85,141.45,126.55,141,177.5,194.7,174.85,141.45,112,101.4
"33",77.1,56.25,43.85,51.5,76.95,90.4,80.3,72.8,75.15,99.7,130.45,154.75,180.2,306.2,975.95,2804.9,4870.55,4774.4,2738.85,1039.15,363.65,166.8,127,118.4,115.2,123.4,124.45,130.2,144.65,195.9,287.65,363.15,367.65,325.25,273.05,216.65,207.35,228.95,250.75,212.1,168.05,155.5,150.2,148.05,145.85,147.6,149.7,152.6,154.15,165.35,185.65,298.45,670.1,1379.8,1965,1781.7,1060.7,461.65,242.05,257.05,375.75,536.95,728.45,836.9,724.55,461,234.8,143.7,130.95,148.15,176.85,201.7,182.1,146.95,120.8,111
"34",117.4,80.5,47.2,51.4,73.4,84.15,73.4,67.7,68.8,97.95,124.3,144.55,152.65,256.85,847.9,2510.7,4370.2,4312.45,2465.9,931,314.6,149,115.9,111.2,101.7,97.6,94.45,96.45,103.3,113.4,119.6,120.3,114.15,110.3,117.1,137.5,190.25,265,273.7,230.2,169.7,142.3,142.2,137.1,127.3,126.15,122.25,127.45,125.95,129.7,137.05,185,339.45,635.2,865.7,775.8,504.65,260.65,177.2,192.9,297.55,567.7,1016.35,1371.5,1259.2,764.45,344.85,174.75,137.95,177.6,234.7,268.95,232.4,171.15,121.15,113
"35",130,87.7,50.15,57.45,89.1,106.2,84.6,65.4,67.1,92.25,121.9,139,149.15,252.4,796.65,2361.95,4188.7,4079,2353.5,872.9,305.95,151.85,118.05,111.2,97.45,102.05,93.8,102.6,108.7,113.4,116.2,121.2,115.75,113.65,117.75,143.05,193.6,263.6,283.05,232.95,165.3,139.05,131.8,137.05,130.35,122.65,124.55,125.35,121.05,128.25,139.55,184.7,346.15,633.35,876.3,783.95,503.15,259.7,173.6,197.9,313.5,625.25,1106.5,1501.55,1379.5,844.65,368.95,176.45,145.15,180.2,247.95,284.75,257.2,175.7,123.1,104.8
"36",125.75,84.9,50.25,57.4,86.55,96.95,79.65,65.75,67,91.35,121.25,133.1,149.85,245.7,818.85,2382.75,4115.35,4070.5,2351.65,874.85,305,151.75,114,109.2,99.2,102.05,98.95,99.4,104.8,112.6,119.4,115.15,117.9,112.45,119.85,135.45,191.85,267.2,288.6,236.35,166.55,137.2,140.25,135.4,133.95,127.45,125.6,126.25,128.2,130.2,140.15,193.4,347.6,634.95,862.45,803.25,506.25,257.75,175.15,198,310,601.8,1107.9,1511.85,1368.05,847.8,370.75,180.25,142.7,185,252.55,283.75,244.8,176.6,122.7,106.8
"37",107.8,71.9,48.8,56.7,90.85,104.1,86.1,65.45,71.95,98.65,132.6,150.25,164.2,261.8,840.25,2452.25,4261.35,4195.55,2380.95,910.45,302.8,151.95,120.5,114.15,106.75,106.4,103.5,103.4,111.1,115.05,120.25,120.55,117.05,117.6,121.85,135.85,178.65,222.9,237.15,204.35,159.1,141.35,144.8,134.1,135.5,139.95,134.7,132.1,139.5,145,163.75,246.85,533.7,1082,1531.8,1391,832.1,380.35,221.15,238.15,376.2,650.7,1087.15,1420.3,1254.3,758.35,349.85,173.3,140.35,175.6,233.55,272.8,235.1,172.5,119.75,105.2
"38",121.4,84.3,51.35,56,89.9,107.45,85.25,64.5,66.95,92.15,123,145.8,150.25,256.2,840.75,2499.9,4353.05,4275.55,2440.7,919.8,313.45,143.85,110.2,98.7,97.05,95.25,95,100.4,101.05,108.6,114.25,112,116.7,115.85,118.3,131.9,187.75,250.1,267.9,225.35,159.75,143.15,137.6,138.05,130.8,120.2,123.1,130.3,128.3,129.4,148.25,201.25,384.45,725.35,1010.5,923.95,567.4,285.6,176.65,194,299.1,540.85,930.75,1229.75,1093.2,684.75,314.35,164.95,134.3,162.5,215.55,247.95,210.75,161.8,119.3,110
"39",122.65,84.1,48.45,47.65,70.95,82.05,73.45,59.55,69.25,92.75,120.65,142.85,154.25,250.65,831.75,2468.2,4283.95,4196.05,2406.5,904.1,304.85,149.05,111.6,105.6,98.35,95.8,97.9,97.55,110.1,113.4,122.45,117.8,115.55,113.25,112.7,136.8,188.95,259.6,272,214.1,162.4,135.45,137.65,136.7,123.45,123.4,123.3,122.25,123.5,129.35,141.45,187.95,352.55,681.4,941.3,863.6,531.1,276.05,173.8,189.1,302.6,570.75,992.55,1329.85,1193.35,741.45,344.95,170.25,137.6,172.95,235.85,255.3,223.5,162.75,119.75,97
"40",124.1,80.8,48.4,53.5,85.95,94.5,82.5,64.7,62.95,85.7,118.8,135.15,147.2,251.2,847.1,2512.4,4384.15,4293.8,2457.2,924.4,310.1,144.55,109.5,108.15,97.2,89.4,96.1,100.45,105.65,110.85,126.4,122.7,115.8,112.3,116.95,127.35,169.95,219.7,239.1,197.8,153.2,130.85,130.6,130.45,119.4,121.45,122.75,118.9,123.2,125.1,130.65,161.25,264.95,466.3,621.8,572.9,381.85,220.8,161.1,172.7,262.75,501.45,910.9,1240.2,1130.2,696.3,323.4,160.2,134.9,169.05,216.55,249.2,225.55,164.05,120.05,106.4
"41",115.35,76.45,51.35,56.95,87.85,103.75,89.95,68.35,68,94.5,132.3,146,158.7,255.45,817.25,2420.15,4235.85,4161.35,2396.75,899.35,302.45,145.55,111.1,107.75,99.85,98.9,99,98.9,106.4,111.1,116.4,117.4,115.95,111.05,109.65,130.6,169.9,220.95,237.35,199.7,155.05,135.7,131.4,133.35,129.3,130.3,123.9,126.5,128.95,128.25,142.65,200.8,391.9,743.55,1043.2,950.35,583.9,296.4,180.35,200.85,311.1,560,987.9,1287.45,1169.15,711.45,333.25,162.65,134.15,173.1,220.85,251.3,218.7,167.3,111.85,108.4
"42",116.5,78.25,50.45,59.35,92.45,110.45,91.15,66.1,61.95,87.95,114.9,139.7,143.7,247.1,833.55,2464.55,4350.8,4266,2401.55,929.55,304.15,142.65,112.5,105.1,100.2,99.55,96.1,96.55,102.15,110.1,117.45,115.9,110.35,107.95,112.4,127.9,172.35,224,246.25,191.55,152.45,133.4,131.8,128.4,125.85,121.5,122.4,123.05,127.05,128.95,135.05,178.05,315.2,577.45,801.05,737.35,470.15,248.45,165.1,183.3,290.1,527.75,955.15,1276,1167.7,729,327.65,158.45,133.55,170.85,220.6,250.4,223.45,162.15,121.3,104.2
"43",89.05,60.55,41.05,50.7,79.3,90.05,78.9,61.55,65.85,90.35,119.1,137.55,148.1,235.95,744.6,2184.95,3839.4,3723.2,2153.5,820.6,284.6,135.75,102.8,97.15,94.7,92.7,89.4,91.65,97.55,104.75,107,108.5,103.45,102.5,106.15,123.85,165.2,205.6,225.55,189,141.25,127.6,124.4,129.65,120.2,121.6,122.3,125.65,126.3,128.25,146.6,221.65,469,916.25,1297,1196.5,727.5,336.8,201.15,217.2,345.25,647.35,1113.8,1450.5,1303.25,791.3,361.1,168.95,137.3,174.15,231.55,266.2,239.55,165.85,117.95,105.6
"44",106,73.45,45.8,56,80.5,94.9,78.5,57.85,60.8,84,110.25,132.35,137.15,233.4,718.9,2093.2,3665.95,3588.85,2053.45,790,276.1,136.3,110.25,97.8,92.35,89.7,93.1,97.8,102.55,109,114.25,122.35,116.55,118.8,113.65,127.75,160.85,216.6,229.95,189.25,150.3,129.05,131.95,128,123.25,123.85,124.9,126.25,127.15,132.75,146.5,212.6,424.75,847.45,1180.8,1084.6,654.25,325.55,200.25,213.05,335.25,619.95,1057.8,1402.5,1273.05,776.8,356.85,173.6,144.2,172.05,235.7,266.75,233.5,176.55,120.45,105.2
"45",115.5,72.55,48.55,53.35,82,95.75,79.5,59.95,62.35,83.2,115.6,132.05,147.85,233.05,737.1,2147.75,3701.85,3668.1,2090,802.65,286.6,137.75,108.05,103.9,98.3,91.9,92.95,95.05,102.35,106.25,112.95,113.4,109.95,112.45,111.7,129.7,171.95,226.9,243.95,204.6,152,135.6,132.6,126.3,130.4,131.55,122.55,128.5,130.6,133.15,143.45,215.8,432.65,868.7,1199.2,1086.1,653.1,323.45,190.55,214.55,332.15,626.2,1070.75,1408.7,1288.15,787.9,357,169.75,141.35,175.7,240.25,271.15,241.05,168.6,119.1,102
"46",101.35,67.55,43.3,53.6,81.75,95.45,76.65,62,63.9,86.6,113,137.95,153.3,239.45,784.6,2264.05,3952.8,3894.55,2218.25,835.95,297.75,140.75,114.65,106.9,99.4,96.95,94.6,100.1,101,105.35,109.1,112.35,111.45,113.7,112.45,126.85,169.95,221.05,230.95,201.35,149.45,130.25,130.85,132.9,128.6,124.1,128.3,127.85,130.55,130.85,151.35,224.8,470.35,932.4,1299.95,1199.9,718.5,338.45,201.6,219.7,349,652.75,1130.75,1493.8,1330.05,815.6,367,176.55,143.15,179.65,239.65,278,238.7,178.5,120.55,107.2
"47",102.85,71.2,48.8,50.85,81.05,94.4,76.6,63.3,65.35,93.15,121.2,145.25,151.55,237.5,774.05,2214.3,3897.1,3853.6,2187.25,847.75,291.2,140.85,107.85,104.85,99.7,94.15,94.55,96.65,102.65,108,109,109.35,112.6,110.4,112.65,128.85,164.05,209.5,226.4,178.8,155.3,134.05,136.65,125.8,131.8,124.55,125.1,127.15,133.85,136.65,151.5,232.85,482.95,996.85,1378.7,1263,758.05,350.15,204.65,224.2,352.15,624.95,1037,1347.55,1216.7,731.85,341.2,163.1,139.2,170.6,225.1,258.95,225.7,161.95,114.5,94
"48",90.3,65.35,41.85,49.65,77.7,89.35,75.35,62.35,65.2,85.65,120.6,131.7,145.7,232.8,737.75,2134.9,3718.15,3644.5,2098.25,800.5,278.7,135.45,109.1,99.4,95.1,92.25,91.35,96.35,95.65,106.5,107.65,113.25,106.55,106.6,108.6,120.6,156.3,208,215.75,186.55,144.2,130.95,123.4,132.4,129.3,123,125.05,125.1,127.35,132.5,152.95,232.9,519,1049.85,1480.15,1367.25,800.2,371.3,210.85,229.35,356.8,636.95,1040.8,1350.8,1210.9,727,338.65,159.85,133.95,174,226.65,258.9,229.25,168.45,115.1,102.6
"49",109.2,71.9,43.8,48.6,73.85,79.7,71.25,59.25,61.7,82.7,106.05,127.5,137.95,224.9,736.75,2148.05,3736.45,3656.35,2107.7,794.85,271,133.25,103,97.75,94.45,94,92,95.65,96.7,106.7,118.15,119.4,114.65,113.65,116.65,133.9,187.35,254.65,263.45,214.65,159.65,130,131.4,131.65,127.35,122.45,124.25,120.5,118.9,126.95,135.6,196.85,373.65,711.8,979.55,876.15,568.75,291.25,195.4,201.1,319.25,583.05,1023.1,1348.05,1230.05,755.5,349.85,169.55,135.6,178.1,231.15,257.55,235.65,173.4,122.8,106.4
"50",94.65,67.65,45.65,53.15,82.25,95.65,80.85,60.95,66.85,91.8,120.25,138.55,144.35,243.1,763.75,2215.75,3878.85,3801.65,2191.25,825.2,297.2,144.15,110.4,105.05,101.2,97.15,89.75,95.85,102.2,107.05,111.25,112,111.25,106.55,115.45,128.45,169.5,226.75,237.4,196.55,156.35,133.35,133,134.65,131.65,126.45,127.8,128.8,126.65,137.8,148.9,231.95,494.85,984.85,1380.75,1273.65,761.9,358.85,200.75,217.65,356.2,636.35,1079.45,1393.65,1236.25,754.15,353.05,164.55,133.5,172.6,237.85,266.95,238.6,166.35,118.15,97
"51",102.75,68.35,48.25,56.95,89.05,102.4,79.35,62.6,68.3,98.65,126.4,148.85,161.25,253.15,807.4,2356.45,4088.3,3991.4,2273.5,873,308.15,154.5,121.45,112.9,107.35,103,98.8,100.75,105.05,114.6,115.5,113.1,110.35,113.3,118,137.25,167.75,228.35,239.95,202.45,158.65,141.9,133.1,130.2,132.25,127.75,127.75,127.75,131.7,137.2,149.05,229.2,482.2,978.95,1374.85,1244.3,746.6,349.55,203.7,223.05,353.1,643.25,1097.05,1439.35,1280.3,782.65,355.95,171.3,140.3,175.9,239.1,265.3,243,174.3,121.95,99.8
"52",124.85,81.9,45.95,44.5,60.15,78.05,68.25,56.9,60.6,89.45,119.1,134,146.85,233.5,800.4,2360.3,4135.4,4076.95,2305.05,875.2,299.55,137.65,107.85,96.05,96.95,90.9,96,95.45,98.05,109.55,119,116.35,109.7,108.6,113,127.7,178.6,238.4,253.95,205.75,151.7,130.25,131.2,128.05,126.8,119.9,120.75,118.95,124.05,127.2,140.55,186.95,349.1,665.15,899.05,814.85,515.85,264.2,167.7,180.25,285.25,517.05,893.25,1194.55,1089.7,668.2,310.05,159.95,131.75,157.85,210.95,237.55,212.45,161.45,110.45,106.2
"53",108.3,78.45,48.45,54.75,86.8,106.25,82.15,65.35,66.75,97.55,134.8,145.5,159.45,254.35,822.35,2395.5,4131.4,4076.75,2328.35,896.05,306.95,149.95,115.35,111.1,110.8,97.45,101.6,104.1,108,115.15,119.5,116.85,113.55,116.9,119.15,137.8,176.1,232.6,246.25,205.75,158.3,139.9,144.6,138.1,133.1,126.65,128.5,131.2,138.7,135.9,162.25,239.35,503.3,1016.5,1405.05,1290.95,779.4,363.7,203,222.5,365.25,655.3,1102.35,1426.35,1285.3,792.5,360.6,170.1,139.85,180.95,237.05,271.3,240.6,172.55,124.35,107.4
"54",106.85,70.75,42.6,45.2,64.7,79.15,67.1,53.5,58.25,86.05,111.9,124.85,135.95,226.9,736.6,2116.6,3705.2,3619.35,2080.15,786.55,268.3,131.9,103.75,96.45,92.4,87.45,88.75,88.1,94.65,97.95,105.45,112.2,107,100.7,108.05,122.85,170.25,220.75,238.3,195.95,141.45,124.75,119.7,125.5,118.55,111.05,109.05,113.7,114.05,115.15,127.3,166.9,320.75,587.2,817.85,739.05,465.35,240.55,159.7,173.25,276.45,541.3,953.3,1295.55,1178.05,708.4,326.4,157.75,129.25,158.75,217.35,255.15,217,152.75,110.3,88
"55",118.55,79.25,51.75,57.2,88,103.5,85.15,64.65,66.35,88.75,124.6,137.45,147.35,237.1,773.1,2254,3907.4,3831.3,2184.2,833.85,293.5,146,114.5,111.5,101.45,102.2,102.1,104.45,106.3,116.5,128.2,128.55,128.2,122.3,125.9,137.35,176.3,222.5,243.35,205.35,153.35,139.3,140.15,135.15,132.3,128.3,131.4,128.45,130.2,139.35,148.2,220.85,452.7,879,1221.15,1110.7,684.8,331.35,215.55,224.9,344.65,633.75,1103.15,1455.7,1317.1,797.6,355.8,172.95,147.4,179.45,243.15,275.65,239.35,169.3,119.3,103
"56",119.2,80.65,49.55,61.25,94.85,109.5,92.3,65.45,62.65,90.85,120.65,131.85,145,239.2,756.45,2235.6,3861.25,3798.45,2173.1,831.4,300.4,142.45,116.2,110.3,102.65,98.9,97.7,101.15,106.9,113,124.85,118.45,115.05,117.6,118.15,137.05,185.4,248.05,262.85,222.05,155.35,140.1,139.9,138.4,127.6,130.7,124.9,128.85,130.25,137.9,146.35,207.85,432.5,829.05,1138.9,1050.35,642.5,315.1,197.9,213.45,346.85,669.65,1172.85,1593.05,1432.05,869.2,381.9,182.85,149.8,184.5,253,297.5,251.65,178.05,123.35,105.2
"57",51.95,53.45,55.7,105.3,175.35,207.95,157.95,114.75,113.8,170.45,241.8,262.4,236.5,323.1,956.35,2785.5,4804.8,4706.85,2650.65,1019.85,379.7,260.5,297.15,326,264.5,192.35,149.95,136.25,133.8,143.35,148.45,150.4,142.55,142.3,139.6,150.5,186.3,212.6,224.85,200.25,167.35,149.85,154.8,153.25,154.85,150.05,155.05,156.1,156.15,160.55,185.05,268.8,549.5,1082.1,1517.2,1345.4,803.2,377.5,236,277.55,497.35,1058.8,1988.95,2686.5,2397.25,1419.65,590.95,244.45,191.9,256.25,390.75,445.95,371.7,248.1,151.15,118.4
"58",56.3,48.25,59,91.6,149.1,173.7,137.7,108.2,129.9,204.75,285.9,303.3,255.25,322.5,914.3,2577.35,4461.1,4339.3,2479.35,952.5,387.25,276.95,337.5,364.55,308.9,210.45,156.8,142.8,136.7,142.6,142.1,141.6,142.5,138.25,140.35,152.55,182.55,229.25,232.5,204.2,172.2,162.75,157.5,159.15,153.3,154.75,153.45,150.9,152.35,159.75,180.75,258.55,488.2,926.3,1258.75,1132.35,696.05,344.25,230.85,279.9,545.2,1252.65,2492.1,3397.9,3069.55,1785.1,713.4,282,219.35,311,466.2,539.8,443.85,289.95,164.35,122.6
"59",49.85,54.05,54.9,91.25,151.7,177.75,149.65,110.95,142.55,251.65,373.75,389.75,294.4,325.15,912.4,2574.85,4451.8,4319.1,2461.75,966.65,388.75,282.45,340.65,387.6,310.9,217.85,160.5,147.8,141.15,139.6,144.55,137.35,140.2,139.65,145,150.45,170.1,198.05,211.9,184.4,163,158.65,160.8,159.1,156.35,158.25,157.55,159.7,164.1,169.85,190.45,275.35,579.7,1115.25,1560.65,1392.45,843.95,392,249.35,299.55,558.45,1227.05,2340.8,3198.2,2865.25,1654.65,683.4,271.85,214,299.05,445.25,513.45,433.5,273.9,162.75,133.2
"60",45.7,45.55,54.05,83.85,138.35,160.25,129.75,108.2,134.35,248.05,368.45,373.65,296,322.9,869.25,2445.05,4243.45,4142.35,2350.5,920.6,371.55,267.5,312.45,347.75,290.35,201.6,151.3,143.4,140.25,133,136.15,135.9,130,131.5,137.85,143.85,166.1,190.75,196.15,181.45,162.3,152,154.25,156.25,154.05,157.1,154.6,156.65,163.75,173.5,186.2,286.25,594.3,1165.55,1614.55,1451.65,868.9,401.9,253.15,300.95,568.7,1254.35,2408.65,3264.8,2901.5,1693.75,690.4,270.3,208.9,295.9,441.5,521.05,437.15,273.1,158.7,132
"61",55.4,53.9,58.2,95.7,161,199.25,152.05,111.15,121,209.8,303.35,310.85,262.65,330.6,966.1,2788.4,4857.55,4723.4,2667.05,1013.65,384.2,248.65,292.8,318.7,266.85,189.15,152.3,130.45,131.55,140.5,141.65,145.55,141.75,136.55,141,150.85,181.1,215.75,225.75,196.65,167.2,149.4,154.05,154.9,151.15,145.3,151.95,145.75,153.5,160.65,178.75,259.4,527.5,1033.95,1433.7,1280.45,766.7,363.2,228.1,278.45,504.2,1103.55,2116.05,2868.6,2572.95,1519,617.25,257.35,193.4,268.15,406.95,460.2,387.45,257.3,152,111.8
"62",52.35,48.15,57.6,90.45,146.8,169.35,138.3,105.25,130.6,227.6,342.8,350.55,285.8,330.2,919.25,2669.75,4611.55,4496.9,2527.6,984.5,387.75,270.35,316.6,351,282.15,198.5,158.6,141.65,136.65,136.25,139,137.85,131.9,135.55,142.25,157.35,186.15,208.95,226.3,196.3,166.35,158.05,156.4,151.8,158.5,155.45,157.25,154.65,159.05,165.95,180.3,254.2,503.8,959.8,1327.75,1190.45,720.65,356.65,237.3,280.35,537.95,1203.7,2361.3,3281.1,2920.2,1708.55,692.55,264.25,210.25,296.25,441.8,519.85,439.1,269.8,156.7,119.4
"63",52.85,52.6,58.1,92.3,148.35,179.15,140.9,109.6,133,223.3,327.55,331.75,271.55,324.85,928.55,2635.15,4576.85,4487.55,2528.45,986.3,384.5,277.7,320.85,350,294.15,202.4,157,143.8,145.75,144.6,142.75,145.65,141.2,140.15,140.8,148.25,177.45,210.4,216.85,191.25,167.45,157.2,159.65,160.95,158.85,151.4,156.9,158.75,159.6,165.95,184.5,267.3,531.85,1005.05,1393.15,1249.25,757.8,366.45,237.95,289.8,555.7,1266,2485.4,3380.45,3023.2,1740.65,713.9,277.05,213.4,315.55,464.65,539.3,444.3,287.7,160.45,122.2
"64",60.5,53.2,45.65,61.9,100.5,120.75,101.8,78.3,93.3,152.2,232.7,240.65,205.75,273.75,842.9,2395.45,4201.65,4136.35,2361.4,908.8,324.9,181.8,165.05,163.35,144.45,122.85,114.8,115.2,116.7,136.4,158.8,170.65,171.7,161,150.9,144.5,158,176.95,191.25,173.05,146.55,138.4,137.45,142.1,142.6,136.35,138.9,139.2,144,146.15,162.3,228.05,436.3,847.15,1164.85,1074.9,667.95,331.6,211.85,233.75,412.3,845.2,1583.4,2162.8,1946.4,1171.2,513.5,223.05,164.3,230.55,323.95,372.8,324.1,218.5,141.9,117.6
"65",64.15,52.45,45.25,64.5,107.95,124,100.35,80,98.05,154.1,230.95,246.7,211.2,285.7,856,2485.45,4284.15,4183.8,2412.95,920.75,339.85,186.6,166.1,160.75,146.85,123.85,118.7,115.25,120.7,134.25,160.55,172.1,175.85,167.8,158.15,141.9,157.65,180.2,197.45,170,155.5,139.7,138,143.3,143.3,136.5,136.65,140.05,139.65,147,159.45,234.35,455.15,866.65,1190,1075.45,675.2,332.4,218.05,243.35,416.55,856.45,1605.55,2179.95,1962.15,1184.9,504.95,217.2,173.85,229.4,323.55,383.7,325.55,217.85,141.6,113.2
"66",61.1,50.6,44.95,66.9,107.15,123,102.9,82.25,87.4,129.15,188.15,207.7,199.15,288.4,858.45,2420.9,4189.75,4102.25,2365,918.5,334.25,189.35,173.65,177.9,155,134.85,122.45,118.9,123.8,135.35,145.45,143.35,139.7,133.6,138.4,136.3,149.4,170.2,185,166.9,153.55,142.8,148.1,152.45,149.2,146.7,149.85,151.25,154.5,161.7,195.75,312.1,762.85,1536.75,2196.7,1974.05,1169.05,515.9,273.9,300.75,509.3,926.45,1585.2,2041.35,1823.05,1082.1,484.55,217.5,163.45,217.25,312.45,359.5,310.7,212.75,138.3,114
"67",58.4,47.95,43.85,64.5,96.05,115.9,98.55,80.8,91.6,139,193.05,213.35,202.5,288.4,882.7,2556.15,4414.35,4360.35,2509.45,958.9,341.2,187.9,168.15,174.45,151.05,128.65,122.45,115.2,127.05,134.2,138.65,137,126.3,125.85,128.8,132.05,158.75,179.7,196.1,170.8,152.45,147.1,145.85,143.85,137.5,144.85,143,145.5,151.6,155.35,179.85,278,598.65,1219.55,1716.5,1543.95,930.8,431.1,240.8,269.1,449.75,876.85,1542.55,2038.6,1813.35,1092.4,484.6,210.65,168.4,215.55,298.55,352.75,303.4,211.05,144.6,117.4
"68",55.1,48.7,44.75,66.85,101.75,121.05,100.2,79.3,89.75,133.8,181,201.7,208.75,302.3,881.1,2503.6,4260.05,4174.6,2418.8,930.95,335.65,189.15,181.45,181.95,162.45,132.35,120.15,123.1,125.9,136.3,139.85,146.1,137.6,132.5,136.05,135.95,148.4,171.7,172.95,160.45,152.25,147.35,143.75,148.35,145,146.25,152.2,155.05,157.3,161.25,192.9,330.25,728.5,1485.35,2076.3,1883.45,1135.05,505.55,275.2,298.9,498.1,923.05,1573.5,2033.2,1824.35,1100,479.15,215.8,166.95,221.7,301.3,350.5,308.3,213,141.85,112.8
"69",53.75,44,45.3,65.55,104.75,120.95,105.75,78.25,91.45,132.05,180.9,205.25,203.6,302.5,858.85,2410,4196.05,4090.7,2387.6,892.2,347.55,188.8,179.6,180.95,161.8,136.8,122.6,122.85,128.3,135.2,146.7,149.85,144.55,143.25,137.05,135.7,150,157.3,170.45,157.25,153.55,146,148.85,155.45,152.8,153.3,153.15,155.95,159.25,171.2,201,349.25,834.9,1732.8,2447.45,2225.4,1316.4,567.6,293.95,323.25,539.5,960,1619.6,2083.65,1857.35,1131.1,493.3,211.5,169.75,219.05,314.85,360.35,306.1,208.7,140.3,120
"70",51.33325,45.08325,47.5,64.125,101.83175,124.0825,102.5835,80.875,90.25,129.875,184.5425,207.21,206.7075,298.625,878.7075,2472.05,4159.9,4069.6,2370.875,932.575,344.0425,192.6675,177.1675,180.6225,164.0825,139.125,121.5,117.79,129.54,138.2075,149.665,157.5825,151.085,148.3325,143.0425,145.0825,151,165.21,165.0425,162.665,151.3325,150.415,154.5425,152.335,154.335,149.375,154.125,155.3775,162.79,169.0025,200.915,338.5425,827.71,1710.25,2395.2,2166.625,1284.4175,569.9175,293.2475,320.8725,542.54,975.225,1640.575,2108.25,1870.225,1143.25,495.7075,223.71,170.5425,223.585,309.625,360.5,316.4175,212.8325,140.085,121.33
"71",58.65,50.1,43.7,65.65,102.6,121.75,101.5,75.2,86.45,131.1,177.15,200.6,202.65,289.4,875,2476.15,4249.8,4184.45,2417.55,939.25,340.95,189.2,168.7,173.1,158.5,133.05,119.35,121.5,124.7,138.15,149.95,156.85,151,143.55,144.7,144.65,149.7,169.45,174.7,168.35,147.7,143.65,149,148.3,151.1,151.1,150.05,155.4,155.45,160.8,193.2,322.7,733.6,1524.7,2148.55,1934.15,1148.85,512.2,265.05,303.4,497.35,924.25,1551.65,2021,1813.85,1095.85,486.95,211.3,169.15,224.65,303.4,355.45,301.35,217.15,143.2,113.8
"72",54.45,45.5,44.65,63.9,106.85,119.7,101.3,80.1,88.65,131.3,177.25,197.4,209.1,295.55,869.7,2411.35,4177.7,4097.85,2351.5,920.05,351.45,188.05,184.95,182.15,160.8,136.45,127.6,126.7,129.9,134.85,148.45,151.2,148.25,142.25,140.1,142.85,150.8,163.95,172.6,156.5,153.05,145,148,156.4,155.5,155.95,156.2,156.1,160.75,169.3,202.15,350.15,849.1,1745.35,2431.8,2225.5,1313.85,573.8,300.2,329.85,546,978.55,1615.75,2099.6,1877.6,1120.9,480.15,217.35,169.35,215.95,309.4,357.45,314.7,210.8,132.05,114.2
"73",74.375,60.54175,51.29175,60.95825,91.91675,102.875,91.75,83.0835,101.58175,157.0425,217.25,232.915,229.545,323.7075,997.1075,2854.55,4926.9,4809.625,2749.1,1041.5925,368.165,190.4975,173.21,172.5825,153.665,129.5425,117.0425,116.665,118.21,123.1675,124.915,121.3325,119.6675,121.0825,124.4575,138.6675,166.75,204.5,210.0825,182.8325,163.1675,142.9975,144.125,140.5425,145.5,144.5425,144.25,140.1225,149.2075,153.5425,181.9575,291.915,658.415,1348.3,1889.225,1691.925,998.375,443.5825,247.25,282.25,462.335,879.9575,1518.575,1952.4,1745.575,1033.4925,454.7075,199.6225,161.25,213.915,298.125,345.25,295.0825,201.6675,133.4575,108.67
"74",57.5,54.05,52.5,81.95,130.2,146.4,117.7,101.8,125.15,214.75,309.6,313.45,270.6,342.8,1031.05,2927.2,5007,4887.1,2812.45,1084.2,399.85,229.6,225.25,224.05,195.9,156.9,134.45,129.3,125.45,133.45,135.05,132.75,132.5,129.8,131.75,150.45,187.35,230.45,246.05,210.25,170,151.9,153.65,152.05,148.95,144.35,148,143.65,153,148,166.1,221.7,399.4,727.9,1004.9,893.35,561.85,301.7,211.5,250.75,489.85,1135.9,2249.05,3101.75,2813.7,1650.7,690.9,268.9,203.95,287.8,420.65,502.45,425.8,273.9,157.05,120.4
"75",46.5,46.25,48.8,76.3,117.15,130.4,116.1,93.55,119.2,192.85,290.85,296.15,244.85,315.4,963.35,2718.85,4697.05,4572.15,2621.3,1010.7,368.95,217.65,218.75,218.9,186.65,146.55,124.85,120.25,118.85,123.85,123.9,124.2,123.25,123.9,125,145.75,184.6,227.15,246.85,213.35,163.15,142.8,149.95,150.95,143.95,135,136.7,141.05,143.2,150.45,158.9,204.35,354.4,633.3,845.3,756.5,491.75,260.15,193.35,239.9,474.75,1117.9,2265.85,3116.3,2815.4,1660.3,682.4,273.75,201.85,284.95,431.2,503.35,418.25,270.6,158.3,123
"76",53.7,47,52.55,87.25,140.6,167.8,137.65,108.9,130.35,221.3,320,329.25,274.95,325.3,961.5,2713.6,4683,4552.25,2628.6,1015.05,372,232.85,235.8,252.4,206.9,164.25,140.35,127.55,129.4,128.35,130.75,130.45,129.3,130.8,135.45,151.65,179.95,228.1,227.95,201.1,170.75,151.5,151.95,154.15,150.75,149.95,152.65,152.7,153.95,160.6,174,244.55,444.5,857.7,1179.2,1072.75,645.6,329.85,228.4,273.7,516.45,1169.95,2307.45,3168.15,2864.85,1687.55,687.15,271.95,201.4,297.9,432.2,512.55,427.95,274.6,160.85,123
"77",151.2,94.1,50.7,51.25,71.25,82.1,68.2,60.9,72.2,94.1,125.8,144.85,156,288.9,992,2829.4,4775.45,4499.8,2492.15,927.2,306.2,140.2,108.6,99.5,96.15,94.6,94.95,99.9,105.1,112.55,118.1,114,115.5,115.45,121.45,146.65,210.95,301.55,319,255.4,178.65,139.25,141.1,139,132,116.05,121.1,121.4,123.05,120.4,129.8,168.35,303,547.05,758.7,696,447.35,242.85,164.05,166.95,238.7,407.35,664,843,794.6,499.25,253.6,147.75,122.15,137.45,169.9,198.15,179.1,139.6,108.65,103.4
"78",121.7,83.6,48.5,52.25,77,80.05,73.15,65.3,72.5,104.25,137.6,155.65,170.35,319.05,1104.9,3143.9,5274.9,5021.5,2750.7,1013.3,333.6,142.85,104.7,98.8,91.95,92.75,98.05,95.8,107.2,118.7,120.55,117.15,116.95,114,113.85,132.75,177.5,230.5,250.3,206,152.9,137.5,135.75,131.35,122.8,124.2,128.05,123.6,123.3,131.1,141.6,196.95,380.2,742.9,1028.7,933.05,576.35,279.5,172.65,180.25,252.3,405.6,612.35,781.35,693.65,443.75,232.65,141.05,117.5,131.25,163.15,183.25,169.65,133.55,105.75,101.6
"79",129.6,82.85,44,46.5,64.4,75.65,61.1,58.2,67.7,97.3,133.6,148.5,163.8,294.9,1010,2854,4819.45,4568.45,2526.25,938.15,308.4,140.05,102.5,94.15,92.9,88.6,94.35,95.3,105.25,105.05,111.35,112.25,109.5,107.85,116.55,137.2,197.25,268.75,272.95,231.3,161.95,138,135.95,134.35,126.45,120.2,120.15,120.75,123.2,118.3,136.65,177.75,335.8,627.35,858.7,791.6,498.5,255.25,162.65,174.35,253.8,413.6,673,861.35,795.6,499.3,250.75,142.25,122.8,139.7,175.95,196.35,184.6,139.4,109.85,95
"80",124.1,81.5,46.8,48.4,64.1,72.85,65.55,57.85,72.15,106.35,152.9,165.65,167.9,301.55,1034.25,2956,4979.75,4715.35,2588.05,931.6,310.9,140,100.45,94.65,89,92.55,90.75,93.95,100,109.35,115.25,112.8,109.75,106.9,116.35,130.15,180.25,249.45,251,210.15,156.9,130.35,132.95,127.3,124.2,120.7,114.35,116.55,116.2,119.7,132.25,174.3,320.4,592.05,816.5,766.05,478.25,240.15,157.85,172.15,233.95,371.05,582.3,739.8,667.7,429.75,227.25,136.8,119.85,129.2,159.75,177.7,163.9,131.2,106.75,106
"81",119.4,75.85,49.85,56.55,82.75,92.4,78.95,68.6,71.15,93.35,124,137.75,163.5,296.4,1004.15,2863.35,4789.05,4558.05,2531.15,940.8,325.15,150.85,108.55,101.45,102.5,97.3,98.35,100.35,109.05,119,129.3,131.55,132.15,125,128.05,144.85,190.85,251.95,272.5,224.2,167.75,141.65,141.85,138,133,129.85,129.7,129.6,129.45,136.7,141.25,201.15,377.9,716.6,984.4,927.95,588.4,316.75,207.7,203.35,290.8,519.9,876.9,1139.25,1048.25,666.05,315.35,165.5,134.3,159,206.25,238.25,207.85,157.45,121.9,104.6
"82",125.45,83.35,48.95,54,81.3,93.1,77.75,65.9,71.25,105.75,143.75,163.5,161.7,278.5,932.9,2624.45,4402.15,4174.9,2318.9,872.6,312.45,150.75,113.6,110.8,102.25,99.15,96.95,102.05,113.2,114.25,126.5,127.6,127.05,120.9,128.45,143.6,201.45,279.35,292.35,236.1,166.2,141.75,141.1,139.6,131.15,129.6,128.9,130.25,132.55,132.2,145.5,192.7,365.55,670.25,935,870.7,558.4,298.15,199.95,206.2,312.65,549.85,976.1,1309.2,1199.7,744.85,348.3,173.1,138.05,172.55,231.2,255.15,225.75,165.15,122.05,104.2
"83",150.5,90.3,51.85,46.55,58,67.8,62.1,57.2,64.35,92.35,122.75,139.4,151.15,277.1,951.55,2765.5,4646.65,4377.4,2424.3,883.55,302.05,139.85,110.55,107.15,102.1,92.8,95.75,96.45,102.95,103.3,105.15,118.55,114.05,116.35,124.3,149.4,234.45,339,360.8,280,182.6,140.95,140.85,138.1,127,120.1,115.6,111.95,118.8,119.1,123.4,148.65,240.9,401.45,535.6,511,337.55,193.75,150.5,157.75,224.45,384.4,668.95,914.3,842.8,532.3,269.15,140.4,121.35,147.2,181,198.2,181.15,145,107.9,90.4
"84",123.4975,83.3335,45.49975,56.5,79.1665,88.75,80,62.5835,63.5835,87.66675,111.00175,129.6675,157.3325,256.5,866.925,2503.175,4147.425,3916.025,2202.075,800.8325,291.335,139.75,109.08325,101.4175,97.9175,94.501,92.3335,101.75,107.66675,116.75,116.835,118.5,114.085,116.665,122.5825,131.665,188.25,260.4175,276.5,216.5825,164.25,136.165,136.6675,139.4175,129,131.335,122.75,131.3325,127.3325,132.0825,144.4175,215.915,426.3325,844.9225,1193.15,1068.425,660.4175,326.415,186.0825,200.75,322.75,572.3325,975.575,1267.075,1172.675,702.335,332.415,171.5825,133.0825,170.5,214.5825,258.0025,230.415,162.4175,119.165,113.67
"85",122.1875,79.25,46.5625,58.375,78.8125,89.625,79.125,59.5,63.75,85.75,115.5,130.75,148.25,269.9375,866.8125,2451.025,4159.775,3902.4,2163.075,807.125,287.0625,137.3125,109.75,100.0625,91.25,94.3125,93.875,99.125,103.25,108.9375,114.625,114.25,112.875,112.75,113.6875,136.4375,191.1875,264.25,275.75,223.375,161.9375,141.5,135.625,135.25,128.125,122.3125,124.625,121.8125,129.125,135.4375,146.0625,203.8125,427.6875,838.3125,1169.7,1068.45,641.625,314.5625,189.5,206.3125,317.0625,568.375,965.25,1285.075,1160.375,717.5,342.5,161.75,129.8125,167.625,225.875,248.25,229.5625,160.4375,114.875,96.25
"86",133.7,78.15,54.1,66.95,103.45,114.95,93.1,72.25,70.25,99.35,130.25,148.7,160.75,287.45,976.45,2774.1,4639.75,4373.85,2444.85,908.9,312.05,159.65,118.65,110.45,105.75,96.75,101.9,104.85,112.05,132.6,145.3,147.4,146,135.8,134.35,151.75,185.4,259.6,268.1,222.5,161.8,141.4,135.7,133.25,130.55,126.1,120.3,128.1,127.2,127.85,133.85,154.85,230.15,368.85,491.35,450.5,321.25,219.5,179,182.35,270.65,555.2,1057.6,1476.5,1381.35,849.15,388.75,186.75,150.5,185.9,246.85,279.2,251.9,185.25,129.2,102.8
"87",118.25,83.25,50.55,64.95,103.2,115.95,88.05,69.8,73,98.7,126.1,142.9,158.5,290.35,981.4,2811.3,4689.75,4431.7,2469.35,910.1,316.8,153.2,117.9,105.6,102.6,97.2,97.3,101.8,113.9,122.55,137.25,140.2,133.55,129.15,128.25,145.2,200.75,261.75,280.2,225.5,165.6,140.5,138.2,134.25,128.65,123.05,122.85,121.3,128.5,120.4,133.1,156.25,221.65,352.55,456,428.95,301.05,205.65,161.95,175.75,283.3,571.3,1118.75,1556.4,1448.65,889.25,400.65,186.95,145.9,183.25,255.9,292.8,258.25,182.6,126.25,103.2
"88",125.5,82.875,52.75,58.875,78.375,95.625,78.75,69.5,73.125,107.25,149.375,165,167.5,289.5,962.5,2662.625,4507.75,4228.25,2340.25,878.625,309.875,150,128.375,115.5,110.375,111.5,105.875,103.5,107.625,120.5,131.125,134.375,131.25,129.125,130.125,148.875,205.375,284.125,289.875,240.25,166.625,145.375,140.25,139.5,132.25,132.5,130.5,125.75,126.75,123.25,141.5,192.625,368.125,671.25,977.875,880.625,561.625,303.625,195.25,210.25,300.75,543,1006.125,1343.5,1204.5,745.875,347.625,174.5,145.625,179.875,224.25,247.875,224.625,167.375,125,104.5
"89",123.75,77.4165,52.8335,56.75,87.25,97.75,83.4165,68.24975,79.08325,106.83325,144.8325,159.4175,162.6675,297.6675,929.2325,2674.175,4477.45,4258.85,2359,872.6575,304.0825,153.7525,119.75,113.6675,112.4175,105.835,103.83425,100.75175,110,114.6675,116.9175,128.8325,130.585,131.75,129.4175,145.5825,203.335,276.5,307.335,248.75,172.75,143.5825,143.7475,147.085,129.9175,132.75,126.165,130.4175,128.165,133.25,145.1675,198.3325,365.25,688.5825,934.5025,882.5025,556,297.5,209.835,205.5,306.75,562.5,983.575,1318.675,1215.675,768.915,357.5825,178.75,139.085,173.2475,220.4175,263.75,241,169.9175,126.75,110.33
"90",123.75,77.5,49.41675,51.9165,75.75,93.75025,79.3335,65.4165,73.5,101.4175,141.9175,152.0825,159.7475,287.165,928.2425,2585.025,4367.75,4118.825,2299.175,842.325,310.8325,151.08,116.25,110.5,101.50075,101.0825,101.91675,101.8325,109.835,114.4175,120.835,125.25,120.8325,122.335,130.6675,146.25,201.5,281.665,290.4975,239.9975,164.6675,144.0825,141.75,135,122.085,129.9175,128.75,123.9975,126.335,131.9975,141.5,193.25,357.9975,660,922.25,847.6675,557.415,306.085,202.25,211.5,307.3325,553.665,965.35,1320.075,1199.15,752.8325,348.7475,173.75,143.415,176.335,228.5025,247.75,230.5825,173.7475,119.585,109.67
"91",140.75,91.35,51.8,52.2,73.05,79.75,78.05,67.3,78,109.7,138.6,162,180.3,329.1,1093.3,3115.75,5216.15,4909.45,2729.05,998.45,337.05,158.45,115,107.2,107.45,101.7,103.85,106.4,111.3,121.95,130.7,131.3,122.5,123.85,126.9,145.5,199.6,269.9,281.3,228.35,169.05,142.9,141.7,138.8,131.8,127.9,128.5,124.65,128.1,136.75,141.95,203.1,401.95,770.85,1093.15,996.7,616.6,307.4,185.35,190.75,277.15,453.75,721.15,901.85,812.1,522.4,267,148.35,125.5,145.6,182.1,202.9,183.7,145.95,110.8,105.4
"92",110.8,72.55,48.35,56.8,78.45,91.55,76.1,66.45,71.95,94.85,124.5,141.1,159.3,295.6,1010.7,2824.8,4720.35,4462.9,2485.95,934.15,318.9,151.75,114.8,102.45,92.95,100,100.1,108.9,107.3,117.25,129.05,132.2,132.6,125.4,126.05,141.55,195.05,259.35,276.95,221,161.3,144.25,140.7,135.5,130.3,129.4,122.25,124,127.2,133.2,137.95,189.9,385,710.35,991.3,918.75,584.55,313.5,208.75,207.4,302.2,504.4,871.05,1143.8,1054.6,664.5,315.95,168.5,137.7,164.15,204.8,229.75,211.85,162.3,122.85,105.8
"93",121.9,75.8,54.6,64.3,106.15,116.6,91.35,71.25,70.3,92.9,126.15,143.4,156.45,290.55,996.05,2824.7,4696.45,4454.4,2489.15,922.9,324.3,151.9,117.25,106.75,103.5,96.55,98.1,101.5,112.05,125.65,138.85,139.25,130.75,127.25,128.7,144.65,193,265.4,276,222.8,159.5,138.6,135.6,132.4,128.7,124.65,120.4,119.5,127.2,124.8,127.05,151.15,219.3,350.3,462.75,425.7,294.3,199.85,163.35,185.1,273,564,1104.25,1547.3,1437.75,890.5,408.4,194.45,153.5,183.15,251.85,288.25,261.8,181.05,124.9,105.4
"94",128.55,83.85,51.05,57.55,82.55,101.3,77.4,65.5,75.55,97.25,137.2,149.65,163.35,297.7,1002.65,2776.85,4664.1,4431.2,2443.55,915.75,314.8,153.05,117.85,107.2,101.05,95.65,100.95,104.95,101.5,114.1,123.9,119.4,116.1,114.9,117.45,134.55,191,258.1,264.85,217.65,166.25,140.5,139.35,132.55,125.45,124.6,120.85,121.95,123.1,125.7,135.15,174.6,313.5,572.05,783.6,724.15,455.15,254.6,168.8,181.95,280.85,526.35,941.1,1263.1,1169.75,735.85,344.55,172.55,130.95,163.6,219.35,250.35,224.05,163.65,120.25,106.4
"95",132.05,86.45,54.5,62.35,95.05,110,86.7,70.8,71.8,94.4,129.65,144.4,165.15,285.85,921.9,2533.1,4224.1,4037.5,2241.3,857.5,305.4,158.55,122.15,111.35,109.8,102.8,107.4,106.15,115.85,122.85,134.9,129.55,132.25,130.75,130.05,148.65,198.7,254.8,271.85,222.4,172.45,148.2,143.55,141.05,135.5,135.95,134.35,130.25,138.85,137.95,155.85,226.55,474.55,929.9,1303.2,1200.65,722.6,366.05,223.6,236.4,362.4,638.85,1126.35,1482.85,1354.2,835.15,379.25,188.6,146.6,181.5,238.9,274.55,249.85,175.25,124.65,114.2
"96",119.1,79.4,52.45,66.9,106.4,112.35,89.55,67,67.95,86.1,109.45,131.95,148.45,281.1,943.65,2689.25,4477.75,4244.45,2354.8,889.3,303.2,146.4,110.5,101.5,96.1,95.95,101.15,97.75,108.15,117.4,129.4,127.3,116.3,114.8,121.25,134.7,178.5,236.9,250.7,204.95,149.15,133.45,129.25,133.2,119.45,118.35,114.8,115.65,122.05,121.5,129.95,148.35,235.8,401.75,531.25,493.9,333.8,207.65,156.35,167.25,266.6,530,1002.7,1392.8,1308.45,814.25,375.15,178.35,138.9,175.1,227.9,273.1,239.7,176.9,120.05,108.2
"97",117.95,76.15,51.3,60.75,92.75,105.65,85.7,65.2,69.2,96,132.15,148.5,155.3,289.3,957.8,2701.3,4499.6,4276.95,2400.2,890.65,318.1,154.25,118.25,108.7,97.7,94.15,91,102.8,105.05,122.25,129.4,133.5,131.55,125.1,127.05,136.35,193.15,242.7,264,216.5,150,136.4,134.8,134.75,123.7,122.9,120.45,119.85,119.65,123.65,121.9,152.7,210.2,330.9,428.65,398.2,292.85,194.75,164.25,170.2,261.85,544.7,1046.15,1455.35,1378,864.75,394.55,186.65,141,182.25,250.95,281.4,247.3,181.9,129.4,106.2
"98",120.25,76.65,49.15,66.3,105.25,120.4,91.75,67.55,72.8,90.05,119.55,132.45,148.85,286.7,968.25,2721.35,4604.4,4326.75,2419,896.3,314.6,151.15,112.45,104.9,98.3,97.5,92.6,97.3,113.95,113,131.8,125.6,120.95,114.25,122.8,136.6,180.2,240.5,248.1,207.25,156,138.8,133.95,130.5,125.85,118.45,120.65,120.7,122.55,123.4,129.7,153.1,241.9,400.7,529.1,496.95,338.65,206.15,157.05,165.75,273.3,534.95,1023.15,1398.4,1299.4,798.9,364.35,179.5,140.55,178.45,232.25,270.8,242.4,174.65,122.95,104.6
"99",122.9,76.8,51.3,61.5,94.6,102.85,85.45,68.1,71.5,102.3,131.4,150.5,159.7,298.85,978.25,2755.05,4571.5,4334.15,2423.35,903.35,311.8,153.05,114.45,99.95,105.55,97.6,99.4,101.9,111.9,114.45,120.7,118.85,113.25,116.8,116.35,136.65,179.8,223.95,243.2,196.85,157.4,136.55,131.65,128.55,133.85,127.9,125.15,124.85,125.35,134.4,144.3,195.35,394,742.2,1022.45,945.35,590.9,292.8,186.6,195.6,298.15,537.35,910.2,1216.2,1126.05,699.15,332.65,169.25,133.75,161.6,211.3,244.9,219.7,165.7,119.3,93.8
"100",135.625,86,54.25,61.375,96.8125,100.3125,83.5,63.9375,67.9375,94.9375,131.0625,139.4375,155.9375,281.9375,948.525,2665.4,4440.825,4220.075,2358.575,872.1875,297.125,145.875,114.8125,101.8125,97.1875,93.8125,92.9375,102.125,105.375,117.625,122.5,123.75,114.5625,109.0625,112.4375,133.375,190.9375,250.5,266.9375,224.125,160.8125,136.75,128.5625,127.125,118.0625,124.25,120.8125,118.75,117.4375,122.5,132.1875,160.5,260.4375,442.375,593.5625,553.75,368.0625,212.75,154.3125,166.625,256.5625,506.5,912.95,1260.15,1163.9,726,341.9375,165.375,133.375,164.75,220.6875,254.125,223.4375,168.1875,121.3125,104
"101",136.1,84.95,51.5,62.95,98,106.8,88.55,65.7,68.3,86.65,118.8,129.7,147.85,275.25,961.35,2693.5,4504.25,4249.5,2394.25,904.05,296.55,142.7,111.25,100.25,96.4,94.5,97.35,97.1,108.35,118.25,122.85,123.7,112.05,111.6,121.25,135.2,179.75,245.25,259.15,209.05,157.6,131.85,134.65,128.25,122.7,119.05,117.95,124.35,117.85,124.95,128.35,151.3,224,351.95,460.7,424.9,295.4,189.4,144.35,164.25,249.55,504.9,959.9,1334.2,1230.65,776.5,367.7,175.65,139.25,170.9,231.25,261.6,230.75,168.25,120.65,106.6
"102",105.05,71.6,52.35,65.65,96,109.85,87.35,73.7,75.4,105.5,139,158.6,170.25,297.3,968.15,2674.9,4472.85,4203.6,2346,890.85,312.35,157.85,120.2,114.6,107.55,105.05,102.35,110.9,113.4,114.4,124.3,119.8,116.4,120.25,120.9,135.55,179.8,221.55,236.95,203.05,155.75,145.85,145.9,137.25,133.45,132.1,135.75,135.65,139.6,145.8,158.3,244.3,529.6,1038.5,1449,1317.05,806.85,381.2,214.55,232.7,369.55,659.95,1109.75,1441.65,1331.7,813.45,375.95,179.9,139.9,182,232,269.85,245.95,179.2,120.2,112.8
"103",119.55,76.2,52.5,61.8,90.4,99.8,84.35,67.9,78.9,116.75,159.05,177.45,181.1,301.9,968.75,2704.25,4513.95,4264.75,2390.1,898,315.55,151,120.4,117.4,106.95,107.5,101,107.7,111.7,121.8,126.55,134.35,123.25,123,127.65,139.6,178.75,228.85,245.6,209.35,158.4,144.35,140.25,140.55,136.35,131.55,131.2,136.3,137.6,143.95,158.3,247.75,542.75,1095.65,1550.1,1408.1,865.35,411.55,239.65,242.2,335.15,513.9,752.55,927.4,824.3,512.05,266.65,149.55,129.15,146.85,181.5,201.25,189.6,143.4,114.15,103.2
"104",136.9,92.9,54.25,61.7,92.95,104.15,83.15,67.25,74.1,99.2,131.35,150.75,161.75,279.35,925.1,2577.8,4323.7,4074.65,2290.45,855.45,303.05,156.25,115.65,106,98.95,99.7,100.6,102.55,110,117.9,126,127.2,118.9,116.5,117.55,143.85,193.55,257,267.65,219.25,167.55,139.2,142.85,136.5,130.35,125.25,123.2,128.2,128.95,133.5,146.5,197.85,378.75,691.25,980.65,890.4,567.4,277.1,183.15,204.65,316.6,613.55,1126.8,1519.15,1407.45,862,398.95,183.5,143.3,182.05,249.2,281.15,251.8,183.1,129.1,108
"105",132.35,84.25,51.8,58.15,88.25,95.75,81.9,62.55,70.55,94.45,135.05,142.65,154.4,269.6,886.9,2510.35,4179.4,3947.2,2204.1,821.8,294.05,144.45,113.3,104.4,100.95,98.3,98.7,101.15,105.25,112.95,123.4,124.4,112.25,114.9,116.8,133.15,188.5,252,258.1,213.15,161.25,143.15,135,135.85,130.75,124.65,124.65,125.25,128,133.35,143.05,196.8,369.6,694,961.7,873.6,554.1,279.3,181.3,196.2,323.55,616.7,1109.8,1500.65,1369.75,848.8,390.45,177.7,140,179.5,242.3,280,249.25,179.9,123.4,113.6
"106",116.25,81.65,50.45,65.1,99.55,113.05,93.4,66.95,72.1,95.65,131.1,145.55,159.45,271.1,890.35,2480.15,4134.55,3888.35,2194.2,817.3,291.6,151.65,119.15,108.35,100.45,100.1,96.95,105.1,104,116.45,121.8,117.7,117.65,118.75,121.7,134.1,172.25,230.45,240.6,194.95,156.65,140.25,139.45,138.15,138.2,128.65,131.5,127.5,134.45,138.8,157.3,226.1,468.25,944.55,1308.15,1205.75,731.9,351.05,203.2,216.3,363.6,649.8,1137.8,1482.45,1370.5,851.7,378.4,183.2,142.2,181.55,243.05,284.55,249.6,178.75,124.9,107
"107",115.2,79.8,53.05,65.15,101.45,113.45,87.55,69.15,73.8,103.1,139.35,155.6,162.15,282.35,907.55,2548.4,4266.35,4063.4,2265.2,836,303.25,162.3,127.1,117.7,109.65,103.25,98.25,107.1,104.7,108.7,120.85,119.4,116.65,116.6,116.3,141.4,199.2,273,292.9,231.6,170.35,139.5,145.85,135.8,132.65,124.75,123.3,125.5,126.25,128.4,141.45,180.95,303.05,538.6,717.25,664.35,423,238,166.9,187.05,314.85,657.8,1241.05,1747.05,1633.85,1011.25,446.75,203.1,155.55,196.2,273.7,321.95,281.1,196.8,130.95,106.8
"108",124.25,78.8,49.55,54.8,85.05,90.5,80.85,66.6,72.7,97.15,133.05,145.35,162.05,286.2,968.85,2680.65,4463.8,4209.8,2337.75,874.6,317.8,151.1,118.05,109.55,103.8,100,103.45,98.9,108.2,116.15,121.1,118.25,113.75,117.5,120.2,142.65,192.15,255.3,274.7,219.75,168.3,144.9,140.6,135.7,132.05,127.45,126.2,129.25,127.3,134.35,146.05,208.95,401.15,781.6,1066.25,994.1,622.9,306.15,199.25,205.45,314.8,566.6,970.3,1294.65,1182.5,731.3,355.9,169.65,141.25,164.85,221.2,252.3,222.6,167.8,115.95,98.4
"109",83.6,64.85,43.7,57.15,80.8,87,79.2,68.8,81.15,108.3,139.7,167.5,185.4,345.35,1095.5,2865.9,4640.95,4388.2,2538.2,999.35,346.1,163.4,117.15,110.75,109.25,103.45,104.65,104.95,115.45,121.8,123.65,125.85,124.3,120,126.35,140.85,170.15,214.65,221.15,193.55,157,146.7,145,143.95,142.15,142.3,143.45,139.3,141.5,150.95,171,311.4,724.95,1440.9,2015.85,1836.05,1116.2,521.75,270.4,273.6,388.65,615.6,875.1,1017.15,909.3,581.3,297.05,160.35,131.8,155.5,194.45,212.25,189.55,155.4,115.65,92.4
"110",122.3125,76.5,48.6875,56.0625,78.0625,86.625,81.125,67,70.5625,102.625,127,140.6875,161,310.5,987.1375,2617.7,4242.6,4033.075,2326.15,901.8125,327.1875,162.5,121.75,117.8125,106.125,105.8125,105,109.5,111.375,123.8125,134.6875,134.75,132.8125,129.6875,135.375,156.375,219.375,297.375,308.9375,250.25,182.5,153.125,148.1875,146.4375,140.75,128.625,126.6875,128.25,133.3125,134.625,150.5625,190.875,365.4375,656.375,887.8125,843.75,555.8125,310.875,215.75,220.75,320.6875,588.1875,1029.9,1386.275,1257.275,808.25,388.1875,187,152.9375,184.25,233.8125,268.9375,241.8125,173.125,122.8125,113
"111",122.75,82.3,50.15,61,90.85,101.6,80.45,63.25,66.55,92.15,119.5,128.65,154.45,302.9,1007.25,2682.6,4387.45,4164.75,2392.1,920.65,332.5,155.5,114.55,111.65,103.8,96.8,99.5,106.2,111.5,123.75,136.8,137.2,135.6,126.15,135,146.5,194,264.55,274.2,227.65,169.35,137.35,135.1,134.95,127.55,124.85,119.9,123.7,124.35,127.3,129.85,156.55,243.2,390.85,508.15,477.8,333.8,226.75,172.55,184.05,264.25,512,944.95,1273.55,1184.45,757.2,368.25,176.85,142.7,175.8,227.4,258.25,225.95,168.35,121.7,108.8
"112",112.75,75.9,51.5,53,70.7,81.35,71.05,62.25,71.55,97.3,129.65,151.15,165.35,304.9,992.8,2623.85,4263.5,4044.65,2338.85,916.9,328.05,155.3,121.35,113.85,107.6,100.45,102.9,104.5,107.9,117.1,121.3,122.85,121.55,117.2,121.5,143.55,184.85,245.25,256.05,214.55,158.15,140.05,137.95,136.95,130.7,120.75,124.6,127.15,127.9,131.95,142.65,194,354.65,640.6,874.45,808.25,521.05,279,190.4,192.65,314.25,583.85,1009.4,1341.75,1243.6,795.45,382,185.4,145.75,176,230.75,258.45,237.65,177.45,123.5,108.8
"113",105.25,74,48.125,57.375,88.25,97.9375,82.1875,68.1875,73.625,105.375,135.1875,155.4375,165.5,321.625,1061.825,2791.225,4519.15,4304.95,2451.125,964,327.3125,158.1875,120.6875,109.9375,101.4375,106,100.75,106,106.6875,119.3125,132.9375,133.75,131.6875,124.6875,129.9375,152.4375,191.0625,252.375,270.1875,218.6875,168.25,139.0625,140.5625,135.5,127.375,127.1875,120.9375,123.25,128.25,130.8125,135,185.875,333.5,574.0625,782.5625,732.75,479.125,276.9375,187,193.625,292.6875,531.0625,921.5125,1216.725,1126.775,728.875,346.125,176,141.75,176.25,214.375,245.3125,221.875,165.25,123.375,116
"114",117.55,77.6,48.6,55.4,77.7,91.6,76.1,68.35,72.55,99.05,134.3,156.5,169.7,305.15,984.2,2628.6,4320.4,4075.4,2361.3,911.1,327.65,153.5,119.55,107.05,103.6,102.15,103.95,100.65,112.25,119,133.25,131.6,127.7,124.8,131.4,146.1,182.85,226.6,250.3,210.7,158.65,141.25,137.45,137.95,134.3,131.3,124.1,130.8,132.1,134,142.5,208.15,383.9,716.35,997.15,900.2,594.15,310.45,203.4,210.75,314.8,548.95,925.4,1217.2,1130.6,702.75,341.65,176.55,144.25,167.95,214.6,241.9,217.4,164.9,125.05,102.6
"115",107.1,74.45,49.95,62.4,94.55,105.1,81.95,69.9,75,110.2,146.7,166.25,173.3,317.4,1021.3,2674.75,4300.35,4106.5,2370.65,925,333.35,159.45,115.3,113.75,106.8,99.1,103.65,105.45,110.75,120.15,123.55,126.2,120.35,122.9,124.75,144.1,175.75,217.1,234.95,194.95,163.75,142.95,140.35,138.7,131.8,128.55,128.6,129.4,128.45,135.35,154.1,224,444.65,837.55,1145.6,1055.7,670.55,335.25,209.55,217.3,324.55,578.25,952.85,1254.2,1131.75,728.95,348.35,176.2,142.75,167,223.3,247.95,223.85,162.5,125.95,108.2
"116",116.3,73.65,47.5,48.05,67.75,77.45,71.5,60.9,67.45,94.05,120,138.35,165.75,328.1,1115.15,3003.95,4860.55,4629.35,2668.95,1030.15,346.65,152.65,107.6,97.05,96.8,90.25,94.25,95.9,104.2,110.65,118.45,114.35,114.05,111.65,113.45,138.5,185.55,251.1,267,217.5,160.25,136.25,129.6,131,119.5,118.8,115.2,115.6,115.5,118.8,126.4,148.2,223.1,363.3,472.8,437.65,302.85,183.5,147.9,152.15,219.55,370.5,624.8,832.3,768.7,507.4,264.05,147.85,124.95,141.3,176.25,202.6,174.7,138.25,110.55,98.6
"117",105.1875,75.125,47.125,46.3125,63.9375,73.125,68.4375,62.6875,72.625,102.9375,134.9375,162.1875,177.75,329.875,1089.1375,2899.025,4647.15,4427.65,2539.475,977.3875,344.625,161.5,120.3125,111.4375,106.125,103.3125,100.0625,106.875,106.0625,111.25,114.375,114.75,119,120.9375,123.625,146.9375,212.5,288.5625,315.4375,240.6875,178.9375,148.5625,141.4375,138.9375,137,133.8125,129.5625,131.0625,135.5625,138.375,151.875,252.125,517.875,995.3375,1389.825,1278.35,776.5,373.0625,212.125,219.25,313.1875,484.3125,711.0625,852.5,776.375,502.6875,264.4375,150.8125,123.3125,144.4375,173.125,194.0625,179.5625,143.75,111.625,100.5
"118",116.75,78.65,50.05,46.45,64.05,68.8,63,58.4,70.05,100.75,126.85,150.4,174.45,331.7,1119.75,3033.1,4918.6,4665.65,2672.6,1031.5,345.6,151.8,108.9,99.35,94.05,92.25,99.05,101.3,105.4,115.15,121.35,120.1,117.6,115,115.8,141.5,184.5,248.75,252.35,212.25,163.05,136.95,136.3,133.15,130.55,123.9,125.05,120.95,120.6,125.6,136.85,183.45,330.1,611.65,823.85,759.75,483.8,258.65,172.25,176.95,254.4,420.5,670.15,866.3,782.25,503.45,260.75,148.3,125.5,141.75,174,197.5,180.5,141.55,112.9,97.4
"119",106.15,73.9,48.25,47.9,67.6,74.85,67.9,62.35,70.35,100.9,133.1,152.45,172.7,338.2,1108.65,2985.35,4858.6,4643.7,2636.75,1020.6,351.9,150.85,102.55,98.1,96.9,94.4,97.55,99.85,109.9,111.95,119.9,116.45,116.35,115.15,116.65,135.5,184.8,246.35,254.5,214.2,162.15,141.4,134.3,138.65,129.95,123.3,122.35,126.15,124.6,130.55,135.55,194,360.05,651.35,876.6,821.65,517.95,274.05,179.45,182.6,258.75,444.8,705.2,891.7,822.5,536.4,272.75,153.6,127.4,145.95,181.25,204.3,188.05,142.05,112,96.2
"120",98.45,64.1,50.7,60.05,83.45,94.2,78.8,69,75.9,98.55,135.8,148.25,178.2,334,1041.45,2743.2,4443.7,4246.95,2434.55,966.9,333.15,162.55,119.15,107.4,105.45,104.45,102.3,103.25,111.7,116.6,122.05,123.2,123.3,120.25,126.2,139.8,186.95,240.35,248.35,207.65,168.1,143.8,142.95,141.05,129.65,133.65,133.45,131.95,133.35,140.3,162.9,245.6,522.85,1026.55,1406.6,1290.85,813.45,387.2,221.7,230.1,366.9,635.45,1046.1,1345.35,1238.15,784.7,377.15,190,145.55,173.95,227.5,264.7,235.4,168.9,125.9,116.4
"121",117.2,76.7,50.1,55.1,78.15,86.8,73.8,63.25,74.15,101.6,130.8,148.25,165.2,315.5,1030.3,2735.05,4449.05,4206.45,2424.2,939.45,334.2,154.25,121.35,110.3,104.95,100.5,102.55,101.7,104.7,113.35,120.05,116,123.85,120.9,116.05,142.75,191.1,251.9,266,219.85,169.6,133.35,140.15,134.75,133.8,127.05,129.15,126.7,126.6,135.35,142.9,205.95,393.15,719.55,978.95,891.05,582.25,300.55,199.95,204.25,310.3,546.5,917.05,1215.55,1104.55,709.2,348.25,175.85,140.1,168.4,215.25,236.95,218.1,166.7,119.45,97.8
"122",102.35,67.6,46.2,53.8,76.95,89.2,74.9,61.6,66.15,86.15,112.4,127.6,146.05,273.55,892.35,2364.7,3800.45,3616.55,2079.8,822.4,287.5,145.3,112,106.1,96.5,94.2,95.95,99.95,103,115.15,120.8,120.6,115.35,110.85,117.1,132.8,182.75,231.55,238.9,197.65,153.5,130.85,125.35,124.7,124.7,116.8,113.55,111,112.5,114.7,122.6,148.65,221.7,363.45,462.4,437.35,298.6,183.35,141.75,158.35,251.8,486.55,885.95,1207.2,1110.3,704.4,344.65,165.75,132.9,162.55,215.9,237.65,216.65,159.75,117.6,97.6
"123",131.0825,83.4575,52.375,61.00025,87.0415,97.3335,81.70825,64.25025,66.8335,90.25,125.96,143.4975,160.705,303.25,969.8675,2558.225,4180.1,3961.475,2264.35,898.125,323.915,159.7075,119,111,106.8725,103.375,106.8725,108.125,110.0825,120.9975,131.125,134.625,132.25,123.1675,127.71,155.0825,206.165,276.1675,293.3325,238.9175,173.5825,147.7475,148.71,142.415,138.625,133.0825,130.7475,133.7525,135.96,139.9175,152.21,225.9575,439.9175,858.0825,1165.35,1063.0925,694.335,345.4575,219.46,221.04,352.5425,624.8325,1051.3825,1372.95,1256.95,804.085,376.1275,190,147.0425,175.415,234,264.665,231.7925,176.25,128.665,105.83
"124",102.7,72.3,48.9,60,90.95,97.35,82.45,70.8,73.15,102.7,138.95,161,173,320.7,1016.4,2727.85,4365.5,4121.8,2377.15,931.5,339.35,168,123.35,115.05,109.7,102.45,106.65,104.3,109.4,110.55,119.2,122.55,116.45,121.95,123.7,143.8,183.1,242.05,255,209.15,162.75,142.4,140.15,137.6,130.75,130.8,133.9,129.85,133.75,139.6,154.9,228.9,455.5,851.5,1189.15,1074.5,678.9,344.75,201,220.05,350.2,644,1108.9,1453.9,1320.15,843.85,394.75,191.5,150.55,179.5,243.65,274.85,244.55,178.4,120.45,113.2
"125",83.1,58,44.55,48.75,62.1,73.85,62.4,61.15,68.95,106.2,137.9,151.6,180.15,339.5,1136.4,2967.7,4591.3,4205.85,2362.1,893.3,309,135.75,97.25,90.95,91.8,91.15,94.55,96.65,99.15,102.6,113,112.75,110.45,102.55,113.85,128.65,155.95,198.75,202.75,177.5,150.1,130.65,133.7,129.35,126.85,120.8,122.9,123.75,125.3,129.4,155.8,254.5,556.5,1069.85,1481.25,1318.85,806.15,384.9,206.7,218.2,309.85,454.45,625.3,717.25,626.35,403.8,221.95,139.2,117.7,134.8,158.85,177.7,156.65,128.05,101.1,103.6
"126",87.25,56.8,38.15,47.45,65.15,69.55,61.9,60.9,72.05,99.1,132.25,149.2,177.75,359.5,1164.8,3001.4,4652.85,4223.1,2372.3,910.05,312.75,140.4,99.6,91.75,94.25,91.8,94.3,96.15,98.8,108.35,112.4,114.3,114.35,106.5,118.3,129.1,154.95,197,198.85,170.8,148.35,133.95,126.15,129,124.6,125.1,121.65,126.3,128.25,131.4,151.8,256.5,563.65,1077.2,1487.6,1335.5,811.45,372,215.35,219.35,313.65,473.45,644.45,754.85,658.95,424.55,227.95,134.95,120.15,129.85,158.65,175.4,155.4,131.05,107.9,107.6
"127",88.55,65.2,45.15,51.3,70.35,74.35,64.4,64.6,77.1,106.55,142,160.45,189.85,379.35,1231.1,3139.8,4856.85,4464.5,2500.15,961.35,325.3,154.1,111.4,103.4,96.6,98.1,97.1,100.65,110.8,115.8,119.6,116.75,113.7,117.15,118.7,137.4,165.8,204.5,213.2,177.65,152.1,140.95,130.9,140.85,129.75,126.5,130.1,132.35,138.65,141.1,163.35,273.15,591.45,1136.45,1536.9,1383.05,846.2,388.6,222.1,230.15,328,480,676.45,772.35,684.3,443.1,229.85,143.5,121.7,131.5,167.65,184.2,167.9,136.4,111.3,96
"128",120.55,78.1,44.2,44.1,56.6,61.2,56.9,55.25,65.3,93.45,122.1,138.2,158.2,344.8,1163.95,2985.3,4667,4304.75,2377.6,916.7,309,134.6,97.6,88,83.1,85.5,93.1,92.2,101.8,109.85,112.1,113.85,105.05,106.55,109.05,128.55,167.45,206.35,225.7,180.9,143.25,129.3,121.75,123.75,119.55,117.3,111.95,115.85,115.55,117.2,127.15,178.9,308.25,548.25,730.15,659.4,420.1,230.05,153.8,159,216.8,312.15,470,567.75,515.5,348.75,197.05,126,113.25,125.8,143.1,153.3,144.15,122.05,103.85,105.4
"129",87.1,56.95,40.2,50.7,67.45,72.9,69.45,60.35,71.4,104,136.8,157.8,183.2,370,1200.9,3064.3,4800.15,4362.5,2438.8,942.15,319.8,146.75,103.05,99.9,92.3,92.4,93.8,101.4,101.85,110.75,122.2,118.55,111.35,109.3,120.1,130.25,166.25,207.65,213.85,185.05,149.95,137.5,131.75,138.75,127.15,130,130,128.55,131.8,137.6,159.25,276.8,604.1,1166.75,1601.85,1430,870.1,407.3,225.1,235.95,332.4,507.05,708.95,827.4,735.3,472.15,251.35,144.95,130,141.2,172.45,188.75,171.4,142.25,112.15,99
"130",119.75,75.8,43.3,46.1,63.65,68.6,65.5,59.9,73.55,105,141.55,156.45,172.05,345.3,1161.55,3009.9,4683.05,4261.15,2369.4,913.05,306.7,138.8,97.8,95.4,89.45,89.95,92.9,95.85,102.75,112.75,115.65,117.45,109.15,108.95,116.3,139,185.05,250.85,261.25,208.15,157.5,135.35,127.85,131.35,121.3,118.8,122,120.55,122,123.05,134,178.45,314.35,558.65,730.35,656.85,419.45,235.8,163.35,168.7,232.9,385,593.75,743.05,669,431.35,231.75,140.7,121.1,143,164.6,174.15,164.1,135.25,108.55,96.6
"131",117.15,73.1,46.4,47.2,61.15,63.4,60.6,61.4,79.15,114.55,151.35,163.15,181.2,339.6,1154.85,2874,4543.2,4146.5,2305.9,881.95,307.55,144.9,103.95,96.25,96.1,91.15,100.7,98.8,107.55,116.55,123.45,119.25,117.2,115.25,121.2,135.95,185.5,237.6,243.05,204.8,155.05,140.85,138.2,137.15,127.5,125.1,122.9,125.35,124.5,128.9,142.55,218.35,433.15,808.65,1102.4,992.35,613.05,302.75,192.55,196.7,272.35,422.55,612.75,751.6,680.1,436.9,237.15,143.7,122.3,135.95,165.7,183.3,166.9,137,109.8,104.8
"132",116.6,75.4,44.65,43.1,56.3,59.75,55.95,55.8,63.15,86.05,111.05,130.15,154.5,321.5,1131.3,2883.3,4499.6,4134.35,2310.75,873.6,284.55,127.8,89.45,85.05,87.3,84.65,88.3,90.95,97.6,108.7,112.2,112.15,103.45,101.8,106.2,121.4,169.8,213.3,212.3,171.5,141.95,122.55,122.5,119.1,115.05,105,106.25,114,110,110.9,124,166.05,287.8,501.95,666.8,604.65,386.35,212.85,145.4,152.4,210.4,317.35,475.75,598.85,520.3,361.65,199.2,128.1,110.9,118.3,145.5,156.45,142.4,121,99.65,95
"133",115.12675,74.5,41.41675,42.95825,55.625,55.875,53.58325,52.8335,64.125,89.75075,124.04,134.375,159.8775,329.415,1115.7425,2870.725,4467,4129.5,2283.45,884.26,294.875,127.375,93.37425,82.625,84.9585,81.25,85.0835,89.0835,94.958,105.9175,113.7075,111.25,101.0425,103.375,101.66575,119.25,147.085,183.7075,183.2525,159.6675,131.25,115.915,111.8325,114.835,112.2075,105.54325,107.1675,104.25,109.915,107.665,118.8775,154.6675,247.2925,410.2075,522.125,480,329.5825,187.085,139.21,146.125,190.875,303.7075,449.4175,561.5425,513,334.7525,195.7475,125.04,107.5425,118.335,144.5825,152.5825,139.4575,120.7075,99.45925,97.167
"134",115.65,73,44,45.8,57.9,64,57.3,54.9,66.2,87.75,108.15,131.85,152.75,326.45,1119.15,2870.8,4490.1,4088.05,2314.45,887.35,298.2,128.05,91,82.25,81.4,85.65,91.4,91.55,97.9,105.9,113.2,109.5,102.8,97.8,106.8,122.95,156.65,203.95,217.25,177.3,136.15,121.45,120.15,116.6,111.7,111.05,112.25,115.55,109,113.7,125.05,159.1,289.35,509.3,672.55,604.05,395.05,214.15,148.85,153.7,208.35,318.7,475.45,583.5,526.75,364.3,194.65,122.6,109.2,124.05,146.55,149.15,142,121.3,101.1,98.6
"135",82.6,58.3,40.95,46.9,62.2,71.5,62.95,61.15,67.5,98.05,129.7,144.55,168.3,356,1128.5,2865.1,4451.2,4066.8,2277.75,864.6,303.45,138.4,101.7,93.05,90.5,89.85,93.3,92.3,97.3,105.75,112.2,108.15,104.55,106.45,106.25,123.3,154.45,191.15,196.55,168.2,135.95,129.65,128.5,127.6,121.9,122.55,119.55,120.8,125.3,128.95,153.75,255.45,564.7,1068.1,1448.35,1290.15,797,373.55,213.6,220,311.9,452.2,636.5,733.35,647.95,416.65,219.9,134.1,112.05,128.35,153.85,170.6,162.9,122.9,104.15,98.4
"136",96,66.3,42.75,43.75,58.7,65.3,60.65,58.85,70,102.95,132.75,151.95,165.3,334.85,1096.05,2801.65,4375,4046.25,2261.85,865.15,300.8,139.5,99.3,90.05,90.05,87.55,88.15,90.75,98.25,99.6,107.35,108.25,104.15,106.8,111.15,127.9,173.35,210.15,221.75,181.3,138.95,128.3,124.85,126.6,119.9,117,116.25,114.75,115.25,121.15,136.9,208.6,404.85,763.65,1011.55,916.75,574.35,290.15,173.6,186.55,260.35,395.9,582.85,703.3,617.25,410.7,221.45,132.4,114.95,132,161.1,171.7,154.85,124.95,104.35,94.6
"137",111.8,68.3,43.45,46.95,61.7,66.95,63.7,59.85,70.05,99.5,127.9,151.05,161.95,342.8,1137.9,2905.25,4499,4137.05,2285.75,890.75,302.65,132.3,98.9,93.45,87.65,89.25,89.1,91.6,99.1,107,109.15,107.5,107.7,108.3,111.5,134.2,187.3,241.15,249.25,201.1,151.65,132.85,123.95,125.8,122.55,116.75,120.65,115.65,117.15,125.9,139.35,200.9,414.75,755.25,1014.6,929.45,584.25,283.75,177.15,185.2,259.3,383.65,551.7,663.55,585.8,384.5,207.55,129.65,113.3,123.8,154.5,161.75,148.15,127.4,101.8,94
"138",102.45,64.55,42,41.95,57.55,67.1,59.75,57.15,73.45,107.05,139,154.25,172.6,342.95,1102.9,2865.55,4458.25,4083.75,2268.35,876.2,298.25,136.2,94.5,88.45,91.2,88.15,92.7,92.85,98.9,105.55,111.3,106.45,108.4,103.55,113.8,130.95,171.15,220.6,229.6,184.7,141.8,123.8,131.8,126.55,118.85,119.2,118.6,116.95,115.85,128.3,138.2,204.8,414.15,765.45,1013.75,915,577.1,287.1,170.9,185.8,259.65,401.35,590.65,705.35,635.05,414.85,224.65,132.7,111.65,134.25,158.55,170.65,154.65,129.3,106.45,97.8
"139",84.95,57.85,44.65,45.2,64.6,70.1,64.8,61.65,73,103.8,136.65,154.5,173.7,342.9,1105.9,2809.35,4384.85,3993.2,2232.9,855.65,297.3,133.45,99.3,92.15,87.55,89,92.95,93.8,99.1,102.75,109.3,109.85,107.3,103.55,106.75,125.35,161.5,192.55,205.75,174.4,138.75,123.8,126.05,125.6,121.5,119.25,115.75,122.3,124.95,126.6,148.05,243.05,539.25,1011.45,1380.65,1237.4,767.5,362.4,200.35,207.8,296.2,436.8,578.9,691.85,597.85,381.15,217.7,130.7,114.6,125.2,154,165.4,152.8,125,101.35,95.8
"140",104.05,72,45.1,45.8,63.75,69.6,62.2,60.1,65.95,91.5,122.35,131.65,165.85,345,1153.25,2952.85,4557.05,4165.65,2327.55,901.3,298.65,132.8,101.75,91.9,91.6,90.6,90.1,92.15,103.4,106.95,110.4,110.35,113.35,108.2,110.65,132.7,171.4,223.5,226.3,189.35,150.75,130.85,131.5,128.8,123.9,120.2,114,118.4,114.3,119.6,138.25,202.5,380.3,702.8,945.55,850.9,545.25,275.25,167.7,177.25,250.3,370.05,541.75,653,587.85,389.35,212.45,132.7,117.4,135.75,151.2,167.45,154.4,122.35,105,89.2
"141",118.8,76.35,42.85,42.9,59.4,64.7,58.5,57.1,65.3,85.3,113.35,125.8,154.35,335.1,1133.8,2896.6,4517.3,4146.9,2308.75,900.25,293.05,130.1,89.3,88.75,80.4,81.95,87.55,88.7,99.7,105.55,111.6,108.3,103,101.55,109.9,125.9,162.35,205.3,222.35,180.2,142.6,122.35,117.5,115.65,119.05,111.25,111.25,111.35,112,114.1,125.1,168.35,295.9,509.4,668.6,614.65,395.45,217.3,149.95,156.6,213.7,323.95,478,596.55,534.2,362.8,199.95,124.95,111.75,126.7,145.55,156.9,146.3,123.1,100.35,95.2
"142",109.3125,69.4375,44.375,47.1875,58.4375,69.1875,59.6875,55.8125,68.8125,94.5,130.4375,145.125,160.125,338.375,1114.1875,2816.275,4404.325,4010.4,2256.9,872.8875,299.125,138.25,100.125,89.8125,85.4375,91.0625,91,89.5,97.25,103.5625,108.625,107.4375,106.5625,105.5,108.875,134.5,178.3125,236.3125,247.4375,203.5,156.625,137.625,129.25,131,115.0625,119.75,118.125,115.125,119.125,122.875,128.9375,213.0625,404.75,745.875,1019.1,921.0125,565.875,289.125,175.375,184.1875,263.3125,383.25,536.125,654.125,588,385.625,206.375,130.5,112.625,129.5625,150.3125,163.5625,156.25,128.875,107.375,91
"143",318.8125,204.75,100.875,95,131.125,156.25,133.375,115.0625,119.6875,154.3125,205.4375,235.5625,254.75,396.125,1296.825,4048.1,7538.7,7811.9,4559.225,1710.525,535.3125,213.1875,143.125,137,129,125.3125,124,128.5625,132.8125,146.1875,152.5,148.875,136.6875,139.0625,142,160.6875,206.5,287.75,313.625,271.6875,199.6875,161.625,169.8125,154.3125,148,145.125,144.5625,143.625,143.6875,146.0625,149.875,201.1875,366.25,746.5,1105.275,1100.6875,722.5,350.4375,195.5,199.3125,263.8125,407.3125,632.0625,831.4375,818.625,538.125,275.9375,157.875,127.3125,140.875,176.3125,199,191.875,146.625,123.6875,105.5
"144",364,231.3,105.95,92.9,129.1,144,129.2,110.9,121.7,176.55,237.95,264.95,267.25,391.9,1259.05,3949.9,7325.8,7532.7,4429,1647.6,508.9,204.7,135.75,132.45,125.65,123.9,125.2,126.1,129.75,140.2,148.95,150.4,138,139.15,143.6,158.45,201.55,271.15,300.2,255.75,190.25,160,156.85,152.35,146.3,142.2,133.75,136.3,134.15,146.85,148.75,180.35,308.7,610.95,894.4,877.45,579.15,301.4,185.8,182.65,234.1,377.2,614.6,830.9,803.95,545.75,286.65,156.55,128.3,143.45,170.65,196.7,188.1,150.95,121.9,109.6
"145",360.8,234.05,109.35,87.25,120,140.75,121,111.25,113.9,150.15,200.9,223.05,251,378.95,1266.6,3979.7,7457,7698.2,4467.05,1648.9,518.35,210.1,141.65,130.05,124.6,125.4,124.05,128.15,132.05,153.8,154.2,161.4,145.9,142.25,142.05,151.25,209.4,276.6,307.55,250.8,187.5,159.35,155.4,156.9,148.05,141.85,135.4,143.25,141.35,145.95,154.6,195,363.3,707.15,1075,1057.65,688,337.3,190.25,184,259.8,389.15,602.75,796.55,783.3,521.85,275.15,155.25,128.85,144.95,167.7,193,185.9,146.95,118.8,113
"146",349.4,213.3,101.95,89.35,124.4,151.4,133.6,111.1,121.65,169.4,240.45,265.35,264,391.45,1262.8,3952.05,7419.45,7633.2,4442.95,1647.95,517.2,213.45,141.55,133.7,131.5,130.25,117.2,130.4,138.15,146.8,155.25,149.75,144.7,139.4,141.55,163.9,212.9,292,316.6,273.45,194.6,166.4,159.25,160.95,147.65,146.3,141.4,137.6,142.05,143.5,152.25,189.1,331.55,629.15,934.25,914.5,610.9,316.5,194.1,184.8,263.8,438.55,746.15,1052,1031.2,694.35,334.9,175.55,137.95,149.85,193.85,230.9,220.2,167.1,127.25,107.8
"147",352.9,223.2,108.3,85.8,117.1,142.85,122.45,107.45,120.65,166.1,237.35,260.9,259.95,384.35,1265.7,4004.8,7519.45,7756.55,4517.6,1674.75,520.6,210.15,143,129.65,127.7,125.7,123,128.05,132.35,138.4,146.5,158.3,138.3,142,142.9,158.85,205.15,269.15,303.9,256,188.1,153.75,155.6,152.65,147.65,144.55,140.05,138.55,138.7,140.15,147.2,183.1,297.5,560.4,846.05,826.8,548.65,293.35,173.55,173.8,232.8,379.15,616.9,858.7,843.55,570.15,293.9,160,130.15,140.65,178.5,200.15,191.65,154.7,122.05,104
"148",367.7475,234.2475,112.862,84.972,118.3875,135.8325,123.665,108.335,115.8075,162.0275,219.3075,241.7225,250.0275,384.28,1285.51,4041.95,7573.175,7779.975,4539.5,1676.975,516.915,211.75,139.75,133.6675,130.6925,124.42,125.5,125.025,134.445,146.8625,161.3625,156.335,145.28,137.165,141.6675,155.0825,204.14,279.0825,302.08,251.445,186.8325,155.89,153.1675,151.4725,147.805,140.915,139.25,136.1125,135.9175,139.4725,145.4725,175.975,299.6675,571.11,842.3625,822.89,546.1925,289.555,176.7775,170.665,228.415,353.03,573.695,775.6925,754.6675,514.335,276.89,156.75,124,140.165,168.4475,194.8325,183.1375,149.0825,119.805,109.11
"149",306.55,203.7,105.25,95,141.8,158.3,140.85,112.9,118.45,165.05,214.65,247.1,262.35,396.65,1238.2,3933.05,7347,7616.65,4434.85,1638.85,518.7,216.3,146.55,135.15,134.4,130.7,125.25,131.9,136.05,154.4,163.4,157.25,149.5,144.55,144.15,155,196.75,245.95,272,240.35,180.15,158.9,160.95,157.25,158.4,145.15,151.6,147.85,149.65,149.8,163.4,226.1,460.6,968.9,1510.85,1484.35,947.05,432.05,225.15,218.65,315.15,489.7,767.55,998.1,976.25,642.15,314.4,168.55,131,149.45,186.4,216.95,208.4,164.95,125.55,112
"150",333.35,207.15,100.45,87.5,125.15,145.75,128.45,110.9,122.55,176.3,242.85,269.85,264.45,386.65,1250.4,3985.45,7431.15,7660.05,4432.55,1636.6,512.9,197.95,135.3,129.2,125.6,124.55,122.1,121.55,130.8,136.4,145.7,143.5,138.35,131.2,141.9,159.85,202.25,281.75,313.85,263.05,184.1,161.75,152.05,151.1,144.3,141.1,136.15,134.85,137.7,137.4,144.25,179.4,312.8,612.5,906.1,904.7,585.4,303.45,179.8,178.7,240.3,361.2,578.85,783.2,755.15,517.6,269.75,155.45,125.3,139,165.7,194,180.6,141.15,116.45,109.8
"151",350.85,224.55,103.3,89.9,122.55,138.3,124.35,105.8,119.6,164.35,213.3,250,251.2,376,1257.2,3912.65,7397.15,7600.2,4406.75,1641,513.3,202.45,137.6,123,119.9,122.35,123.15,127.6,131.1,140.45,147.95,149.55,140.5,134.5,146.5,161.25,219.9,294.9,337.4,270.9,202.05,159.6,157,151.7,146,140.6,134.75,135.65,134.85,139.05,146.5,178.6,305.15,583.7,855.35,840.25,553.65,292.05,179.7,171.3,240.65,391,647.9,887.35,876.65,588.2,305.4,164.75,130,147.7,180.85,202.95,198.05,151.7,120.7,113.4
"152",277.5,185.9,97.3,89.3,132.4,155.75,132.95,112.75,126.95,170.7,227.55,267.35,272.5,400.95,1283.35,4021.2,7495.25,7703.8,4523.3,1678.75,528.75,215.3,142.65,133.1,130.25,125.45,123.95,129.3,133.65,145.5,152.05,149.1,144.25,138.1,139.95,151,194.9,255.5,270.9,233.35,183.25,160.25,157.85,156.4,152.1,146.75,142.9,144.5,148.2,150.65,159.5,226.25,448.8,951.9,1447.6,1445.8,924.5,431.1,227.75,215,294.25,457.4,674.25,866,823.8,557.9,292.4,160.9,126.85,141.45,181.25,199.15,190.4,151.65,118.3,116
"153",352.6,221.5,106.4,93.2,126.85,156.05,130.3,111.95,118.65,170.9,239.8,272.35,256.05,381.55,1230,3843.65,7136.4,7385.5,4315.75,1597,499.2,205.2,141.2,137.6,129.15,123.15,123.25,127.2,135.2,142.95,152.5,151.9,144.35,141.3,138.4,156.9,212.3,289.45,326.7,273.35,201.1,156.15,160.2,155.05,154.15,142.6,139.15,135.35,141.85,140.75,148,187.1,332.3,628.75,941.05,935.05,618.75,314.65,186.7,182.6,249.1,398.5,650,881.85,851.85,573.8,301.35,158.9,133.55,144.8,177.85,204.85,191.8,154.6,124.05,114
"154",320.8,201.85,103.75,91.2,118.9,148.6,127.1,110.8,115.05,157.55,203,241.8,249.65,390.15,1245.25,3977.75,7450.4,7653.6,4488.15,1650.95,513.35,212.2,140.25,133.55,131.3,122.55,123.35,127.1,128.8,138.3,143.8,147.8,138.1,135.9,141.15,156.1,201.7,267.65,301.1,256,191.5,162.7,157.6,153.6,147.1,138.85,138.2,143.75,139.35,141.1,150.6,193.6,342.7,691.8,1031.35,1025,664.45,326.15,187.9,179.9,254.85,401.4,640.45,861.7,825.85,565.8,289.45,159.45,129.35,143.25,169.6,203.2,193.85,151.45,123.1,113.4
"155",363.1,229.05,111.75,88.3,129.45,147.25,126.3,111.75,124.35,173.45,241.25,266.9,256.1,384.75,1219.15,3819.05,7120.65,7347.1,4289,1600.45,503.05,204.95,142.5,129.5,123.85,123.8,127.15,121.9,130.65,138.7,150.1,144.95,146.75,139.45,137.85,155.15,208.45,291.05,327.1,269.2,191,160.45,155.5,156.7,141.65,140.75,140.45,136.6,137.8,142.9,146.85,175.35,301.5,549.9,816.35,790.6,548.55,284.05,176.3,171.75,235.6,366.35,589.7,816.6,770.8,533.8,287.75,157.4,127.15,139.8,171.15,196.65,186.25,152.1,121.7,108.8
"156",352.7,227,109.6,89.8,126.95,153.95,131,110.8,124.05,177.7,247.8,271.65,259.25,382.2,1219.3,3822.3,7173,7381.4,4304.7,1604.7,503.85,206,140.9,128.25,125.85,124.1,124.25,127.2,129.15,142.6,151.8,148.05,142.35,136.75,140,161,207.65,292.8,323,270.45,194.1,161.55,153.6,157.1,147.8,140.25,142.65,133.4,140.2,137.05,147.15,183.55,329.25,641.55,944.85,934.95,608.1,311.7,183.8,179.85,247.3,383.7,625.1,838.6,826.7,551.4,295.2,154.1,124.2,143.35,171.85,201.35,186.35,153.8,116.15,100.6
"157",355.7,229.7,102.95,79.4,108.65,132.45,116.6,104.45,108.85,147.8,207.75,228.4,244.2,382.6,1262.65,3988.95,7453.3,7673.75,4477.75,1634,523.15,208.55,138.65,129.15,127.9,126.8,123.05,125.6,134.05,147.95,159.4,156.8,143.35,137.1,139.3,155.75,203.75,275.7,307.75,250.3,186.65,160.9,156.4,151.7,140.85,139.05,135.3,135.4,134.75,139.85,147.1,183.8,314.2,603.3,897.9,868.8,587.7,296.15,177.5,176.8,236.85,345.5,547.85,726.2,705.05,486.25,255.75,144.9,121.2,130.3,162.7,183.3,170.85,147.5,115.8,105.8
"158",329.85,202.65,99.9,88.45,123.35,142.05,122.1,114.45,122.35,181.3,244.9,269.05,266.55,387.45,1286.95,3988.7,7403.6,7643.3,4465.95,1662.15,517.65,209.85,137.7,128.3,127.1,120.55,119.4,125.45,130.25,136.2,140.25,142,140.4,137.4,140,148.9,213.35,280.75,312.6,268.7,193.6,159.5,163.2,154.65,149.45,140.9,137.95,133.15,139.35,141,146.4,183.85,311.3,606.85,892.4,899.35,590.9,305.65,187.95,180.1,239.85,366.35,577.5,781.75,762.5,517.55,278.8,155.5,123.1,139.15,169.25,188,180.9,153.3,120.45,106
"159",342.35,221.05,105.5,87.4,113.75,131.5,119.8,105.85,116.45,145.35,194.15,214.2,237.75,372.3,1234.6,3890.65,7291.6,7525.4,4397.95,1644.3,512.15,207.3,137.45,132.05,126.95,120.95,120.8,124.1,129.15,149.95,157.25,156.15,144.95,135.35,135.55,152.4,196.75,262.95,301.7,246.45,190.65,161.15,154,157.7,148.55,140.75,140.45,135.8,137.05,144.5,154.05,196.5,353.65,702,1058.85,1052.6,678.5,338.35,192,186.25,254.85,387,602.1,794.6,774.45,522.7,274.75,155.55,123.9,138.15,168.9,191.5,176.8,148.4,120.5,102.2
"160",349.05,215.85,102.9,84.35,116.5,138.4,122.9,109.4,117.1,166.25,234.65,259.85,264.15,375.7,1233.95,3872.45,7266,7465.55,4350.85,1610.25,505.35,202.75,132.5,127.95,125.5,124.45,119.9,123.4,130.85,133.4,146.15,149.35,142.95,134.85,139.1,152.75,205.95,279.3,322.25,264.5,195.5,162.35,151.2,155.25,148.8,138.4,138.05,138.15,142.9,143.5,151.3,187.85,335.9,668.9,1017.75,986,653.85,314.5,183.85,183.75,237.85,355.9,523.55,677.9,644.9,453.9,243.3,144.3,115.5,134.55,157.15,172.45,163.45,136.5,116.35,108.8
"161",345.65,219.55,105.45,90.1,119.85,132.7,121.5,101.4,110.95,147.85,187.85,224.75,235.5,382.6,1229.1,3910.8,7302.85,7503.1,4385.35,1639.3,505.95,204.05,136.35,129.4,123.85,122.4,122.9,128.55,133,145,159.3,153.75,144.15,136.15,136.45,152.5,196.85,267.05,295.85,248.95,188.7,160.7,154.05,154.5,146.3,142.05,143.25,138.35,142.6,143.3,148.15,192.7,355.35,703.85,1068.5,1051.05,684.25,342.4,197,186.85,256.65,388.15,597.65,793.4,765.45,518.75,273.5,151.65,121.85,134.2,176,193.75,180.8,142.5,118.6,106.2
"162",339.65,219.85,109.05,93,138.65,163.95,143.85,113.2,128.05,180.1,254.05,278.9,259.15,367.6,1206.95,3792.9,7099.95,7305.8,4251.4,1577.15,499.35,196.75,137.55,128.3,123.8,125.15,124.2,127.25,131.05,131.3,141.5,137.25,134.1,130.5,140.55,165.3,224.1,314.55,347.65,281.65,206.5,168.65,158.75,156.25,149.7,142.8,135.6,141.35,140.2,140,145.1,175,275.5,503.9,746.9,753,496.05,275.15,178.5,171.9,240.65,420.2,751,1051.7,1044.4,705.15,345.95,173.05,140,151.4,195.35,228.35,215.75,168,126.4,120.2
"163",337.8,212.95,102.2,81,115.4,127.4,118.05,106.6,113.45,153.85,209.05,242.1,252.65,386.05,1243.65,3931.3,7370.3,7534.9,4422.8,1643.25,507.35,200.8,131.05,124.5,124.5,116.25,120.45,124.15,131.15,147.05,151.8,152.8,140.4,132.55,138.2,148.85,196.25,259.85,284.15,238.9,187.2,158.3,153.15,153.35,140.9,140.65,135.2,137.15,136.45,137.4,145.55,181.05,332.95,660.9,982.7,982.25,638.2,329.85,191.75,179.4,235.6,354.3,556.3,721.6,695.45,478.65,252.9,150.4,126.2,136.15,160.7,181.45,175.2,141.4,115.1,107
"164",356.4,219,108.55,84.4,121.7,134.9,122.6,101.95,113.2,154.65,217.45,240.25,241.75,376.05,1217.6,3903.3,7279.25,7525.1,4377.5,1613.4,510.3,205.65,133.8,128.25,118.35,119.75,120.65,119.25,133.7,140.2,147.95,147.5,136.2,127.5,135.8,148.15,193.55,258.6,285.85,238.65,180.9,156.6,152.15,155.1,141.85,136.7,131.75,139.45,135,137.3,134.05,167.4,263.25,475,689.55,694.95,467.25,252.3,167.95,165.85,221.65,345.1,570.35,804.1,786.3,530.45,281.9,156.95,127.35,139.55,165.45,196.7,188.15,153.7,117.25,107.8
"165",280.5,183.15,99.75,92.55,127.05,145.5,136.05,111.35,123.1,165.65,232.4,260.2,265.45,389,1230,3843.85,7233.7,7354.35,4311.25,1603.4,497.75,206.45,143.65,130.4,129.35,125.05,124.4,129.05,130.7,136.1,145.85,145.15,141.5,138.25,144.65,161.75,208.95,271.95,301.55,256.25,192.7,164.85,163.7,164.75,149.95,143.75,140.1,146.9,150.45,152.1,160.15,218.65,428.55,897.25,1365.4,1337.35,858.4,408.3,220.7,212.1,304.95,484.45,760.05,1036,1002.25,667.35,331.15,176.55,135.4,147.65,188.75,228.45,212.05,162.05,124.7,109.8
"166",340.7,219.2,101.65,97.25,137.45,162,137.7,107.95,121.2,177.8,246.3,276.3,260.15,372.65,1198.5,3749.05,7054.9,7273.25,4229.85,1564.6,507.4,201.75,136.2,129.6,120.7,125.55,121.6,127.05,128.85,130.55,137.75,139.2,139.5,137.3,135.45,155.75,220.15,307.55,345.5,281,202.8,161.2,163.8,157.8,146.65,140,134.15,136.6,142.8,139,145.85,171.75,283.5,514.9,734.35,744.05,510,268.25,171.5,174.55,240.5,418.5,755.45,1056.05,1044.4,702.8,343.2,172.7,134.65,150.75,199.35,231.45,218.7,164.5,126.1,102.6
"167",308.35,200.3,103.6,86.15,121.75,142.4,125.7,108.55,120.35,169,226.4,249.3,257.65,380.55,1235.65,3868.85,7177.5,7401.2,4304.45,1613.2,509.2,209.9,147.55,133.2,131.4,125.1,125.6,125.5,135.25,139.15,150.75,151.25,141.15,141.3,141.9,160.1,206.25,284.95,312.65,269.3,197.75,158.2,158.3,153.05,153.15,146.5,144.95,141.65,146.55,147.25,155.95,192.95,356.3,718.1,1084.9,1081.7,693.35,344.2,196.15,199.95,277.45,457.95,794.05,1091.25,1081.3,720.7,351.85,176.9,136.4,154.45,197.05,232.2,217.25,170.5,128.5,105.4
"168",278.85,183.45,103.8,94.35,131.3,155.45,138.05,121.95,124.2,170.65,224.45,257.6,266.15,408.95,1299.75,4018.45,7489.7,7674.2,4460.4,1677.25,528.2,213.15,149.45,138.7,135.15,128.75,136.4,136.4,138.1,148.95,159.05,160.3,148.7,145.35,141.15,156.35,188.4,230.05,250.1,215.65,173.9,161.3,156.8,162.7,159.05,152.7,154.95,150.1,158.25,159.3,170.05,246.15,530.8,1165.5,1769,1738.5,1099,503.85,250.3,230,333.9,512.45,761.8,960.45,915.25,609.3,310.8,162.35,135.5,145.25,186,213.9,199.8,159.2,128.35,109.6
"169",367,221.95,110.65,92.65,126.2,148.85,137.25,110.2,124.05,174.9,241.1,263.05,263.35,391.1,1278.7,4004.2,7433.7,7696.8,4474.05,1665.25,526.9,212.5,145.4,131.15,129.2,128.25,125.35,128.2,134.05,142.35,149.85,157,146.1,140.6,141.6,161,217.15,309.35,341.35,280.05,198.6,165.05,161.45,158.95,153.4,150.2,140.85,144.15,144.95,143.85,154.2,185.45,347.75,670.05,1025.15,1005.25,663.05,334.4,191.3,188.95,246.5,380.5,588.1,771.6,757.85,512.9,271,150.05,127.6,143.65,158.95,188.65,181.5,144.25,120.5,111.8
"170",340.45,214.95,102.3,84.7,111.6,130.05,121.05,109.25,126.95,178.25,247.5,270.55,273.8,398.55,1299.85,4132,7695.65,7995.35,4644.35,1729.9,541.05,214.35,145.45,130.15,126.8,120.05,123.35,129.45,129.5,134.85,139.7,139.15,136.1,136.8,141.75,163.5,226.6,318.8,365.6,298.35,204.65,167.9,162.15,158,154.35,143.4,141.15,141.3,145.45,144.35,157.15,184.35,337.05,659.75,990.9,983.2,637.8,327.65,188.15,185.9,243.85,365.2,566.8,740.5,714.15,497.15,264.7,154.6,129.1,134.25,163.55,186.85,179.65,148.35,113.4,103.2
"171",371.8,233.25,116.65,92.3,124.6,142.85,128.75,110.35,115.45,152.05,198.4,227.05,242.45,395.25,1274.9,3988.4,7418.6,7672.05,4481.9,1658.15,525.35,209.15,142,129.8,126.25,128.85,128.7,129.55,135.1,148.5,159.9,160.1,148.95,139.7,141.2,154.3,206.15,267.3,302.75,253.6,188.9,160.25,159.85,155.6,155.4,144.75,140.45,141.95,139.05,142.3,152.2,197.3,355.7,716.1,1084.8,1063.05,695.1,345.05,189.25,192.8,260.65,388.75,611.3,799.55,772.2,534.05,278.4,157.65,127.45,136.35,170.15,195.75,179.3,146.55,122.25,107.4
"172",361.35,226.1,109.25,85.65,115.15,138.3,125.9,105.75,127.6,168.8,232.05,268.35,258.8,392.45,1284.45,4007,7524.45,7760.6,4523.5,1672.3,521.6,211.9,142.95,136.6,122.2,129.25,121.95,126.3,137.5,142.6,150.55,145.3,143.85,141.3,141.6,153.65,203.65,282.3,307.65,257.95,187.4,164.65,157.15,153.2,151.1,139.9,135.2,141.85,137.7,141.5,150.85,181.5,301.4,571.55,817.05,834.85,563.7,285.75,180.2,177.35,239.2,378.55,620.8,855.3,844.55,558.75,297.75,161.45,132,141.9,172.5,201.55,199.15,153.35,127.85,115.2
"173",365.7,219,107.8,92.8,119.1,144.7,131.15,113.45,120.2,171.7,237.75,269.25,272.75,399.2,1306.1,4053.85,7548.75,7739.05,4533,1697.25,538.25,218,144.1,134.85,134.65,125.6,126.8,129.45,132.9,146.35,147.5,148.15,143.05,139.85,140.8,157.85,202.65,264.3,304.3,256.25,191.15,157.95,155.95,151.35,147.9,136.8,141.5,137.45,137.6,147.85,146.9,176.55,304,573.95,848.55,838.65,554.35,296.35,181.5,177.7,239.4,380.95,629.85,864.1,844.4,563.3,292.4,160.75,131.6,144.75,177.35,205.1,189.75,158.9,121.35,115.6
"174",361.05,226.7,110.95,90.65,129.95,153.2,130.35,113.9,125.9,178.25,245.75,272.2,268.9,390.1,1276.45,4008.4,7495.35,7679.05,4518.5,1663.8,518.5,211.65,142.75,135.5,128.35,129.85,128.05,132.35,136.05,147,153.05,153.05,145.5,147.5,141.2,167.6,221.2,304.55,336.3,277.25,204.25,167.3,163.9,158.55,146.2,144.3,138.8,135.2,145.5,144,150.35,187.2,336.5,676.05,1020.7,993.55,651.5,335,194.2,186.3,246.3,383.45,593.05,781.4,761.4,510.85,272.5,151.95,123.8,137.15,166.5,189.3,179,150.8,118.15,103.8
"175",237.1,160.3,87.6,82.7,117.95,140.95,128.4,106.15,113.45,156.3,220.7,250.8,256.55,360.1,1164.75,3724.75,7141.65,7310.7,4182.7,1513.15,462.65,192.15,139.1,129.2,122.55,124.45,125.55,129.85,132.15,136.65,145.4,146.2,141.85,128.6,139.9,155.95,201.55,260.2,287.6,252.95,187,157.75,160.25,153.9,155.8,151.1,147.4,151.5,151.8,156.05,166.8,236.55,508.65,1105.5,1711.45,1669.85,1023.45,463.8,236.25,219.85,332.55,536.45,824.55,1083.55,1033.6,667.6,321,168.1,133.25,151.65,197.05,225.6,209.95,163.45,122.3,115.4
"176",244.35,160.35,83.9,85.1,118.8,146.55,121.85,107.55,113.65,154.3,214.1,241.7,249.85,356.25,1157.25,3756.95,7130.8,7301.25,4141.5,1508.75,457.45,197.3,136.5,130.4,126.05,118.5,126.1,130,135.3,146.3,154.05,150,141.8,135.55,138.65,146.45,181.65,233.9,255.6,219.1,173.55,155,155.45,159.35,151.7,149.65,145.95,146.2,151.9,157.35,166.1,241.05,505.25,1107.9,1720.7,1684.7,1041.4,457.75,231.95,224.9,329.45,509.65,788.9,1016.1,946.7,621.6,303.95,160.4,130.95,148.7,182.65,221.4,208.3,155.65,131.3,117.6
"177",243.05,156.05,85.9,84.6,121.35,145.75,126.15,106.15,112.8,155,216.2,239.6,252.35,360.6,1147.75,3720.45,7141.65,7279.8,4148.15,1496.6,472.05,193.55,138.8,132.05,127.9,120.8,122.15,123.5,135.35,138.9,150.3,148.3,138.3,134.4,138.35,149.65,177.05,223.4,239.55,214.75,172.4,150.3,156.75,156.2,150.45,147.6,147.55,149.35,149.15,158.75,167.45,241.85,504.65,1112.45,1730.95,1688.3,1060,458.75,234.65,227.35,326.5,508.35,765.5,993.45,952.3,607.35,303.9,158.65,130.65,142.2,191.45,215,203.55,162,123.6,106.2
"178",308.9,199.2,91.75,76.05,107.7,125.8,112.2,97.45,112.55,162.75,226,254.25,248.65,355.45,1144.05,3735.35,7138,7333,4169.35,1459,458.1,188.7,126,117.85,121.65,120.5,117.4,121.35,122.3,131.7,144.25,143.5,136.15,129.35,137.55,152.35,204.95,283.7,309.9,253.45,182.25,153.8,152.05,148.9,145.9,142.85,136.5,132.5,140.05,140.85,149.3,185.1,339.95,674.25,1013.65,997.75,635.55,315.55,181.25,180.95,239.45,362.55,535.6,691.5,651.7,438.85,236.9,145.3,119.95,128.8,160.55,173.35,166.7,141,111,104.4
"179",253.15,158.5,85.6,81.2,115.55,143.75,124.35,108.65,114.3,161.75,224.85,252.95,255,358.3,1148.05,3705.05,7030.85,7237.2,4110.35,1475.2,459.2,198.15,137.2,127.3,130.5,123.15,121.4,125.95,131.95,134.35,145.75,143.2,137.7,136.15,137.9,153.1,195.4,257.4,285,235.15,187,159.55,157.6,156.95,146.5,144.7,142.3,148.2,148,146.8,167.7,215.5,467.55,994.45,1544.25,1500.85,954.8,426.5,220,223.45,306.75,504.85,787.55,1049.65,1003.4,662.1,321.75,164.8,131.35,150.25,191.2,219,207.2,166.15,125.35,113
"180",270.65,175.1,95.9,102.15,168.1,210.65,160,118.4,116.5,159.1,216.95,246.55,241.45,329.6,1017.35,3223.05,6089.3,6259.85,3584.65,1298.5,430,208.2,165.9,155.55,151.25,135.85,133.7,130.45,137,148.35,151.7,150.5,147.5,143.35,143.55,157.65,200.3,259.9,280.65,242.3,181.35,167.2,161.25,155.8,158.65,152.1,150.3,150.9,156.1,159,172.05,229.5,480.9,993.3,1532.1,1493.85,932.25,430.05,242.5,236.75,362.2,655.15,1226.95,1763.15,1699,1101,491.5,214.7,154.95,188.7,266.8,328.5,299.3,210.2,143.85,117.8
